ID,Incomplete,Demand-Type,Demand-Unit,Demand-Offset,Demand-Directional,LS1-Family,LS1-Theta_0,LS1-Theta_1,LS1-DamageStateWeights,LS2-Family,LS2-Theta_0,LS2-Theta_1,LS2-DamageStateWeights,LS3-Family,LS3-Theta_0,LS3-Theta_1,LS3-DamageStateWeights,LS4-Family,LS4-Theta_0,LS4-Theta_1,LS4-DamageStateWeights
B.10.31.001,0,Peak Interstory Drift Ratio,unitless,0,1,lognormal,0.04,0.4,0.950000 | 0.050000,lognormal,0.08,0.4,,lognormal,0.11,0.4,,,,,
B.10.31.011a,0,Peak Interstory Drift Ratio,unitless,0,1,lognormal,0.04,0.4,0.950000 | 0.050000,lognormal,0.07,0.4,,lognormal,0.1,0.4,,,,,
B.10.31.011b,0,Peak Interstory Drift Ratio,unitless,0,1,lognormal,0.04,0.4,0.950000 | 0.050000,lognormal,0.07,0.4,,lognormal,0.1,0.4,,,,,
B.10.31.011c,0,Peak Interstory Drift Ratio,unitless,0,1,lognormal,0.04,0.4,0.950000 | 0.050000,lognormal,0.07,0.4,,lognormal,0.1,0.4,,,,,
B.10.31.021a,0,Peak Interstory Drift Ratio,unitless,0,1,lognormal,0.02,0.4,0.950000 | 0.050000,lognormal,0.05,0.4,,,,,,,,,
B.10.31.021b,0,Peak Interstory Drift Ratio,unitless,0,1,lognormal,0.02,0.4,0.950000 | 0.050000,lognormal,0.05,0.4,,,,,,,,,
B.10.31.021c,0,Peak Interstory Drift Ratio,unitless,0,1,lognormal,0.02,0.4,0.950000 | 0.050000,lognormal,0.05,0.4,,,,,,,,,
B.10.33.001a,0,Peak Interstory Drift Ratio,unitless,0,1,lognormal,0.0035,0.45,,lognormal,0.0058,0.65,,lognormal,0.0142,0.5,,lognormal,0.0283,0.25,
B.10.33.001b,0,Peak Interstory Drift Ratio,unitless,0,1,lognormal,0.0035,0.45,,lognormal,0.0058,0.65,,lognormal,0.0142,0.5,,lognormal,0.0283,0.25,
B.10.33.001c,0,Peak Interstory Drift Ratio,unitless,0,1,lognormal,0.0035,0.45,,lognormal,0.0058,0.65,,lognormal,0.0142,0.5,,lognormal,0.0283,0.25,
B.10.33.002a,0,Peak Interstory Drift Ratio,unitless,0,1,lognormal,0.0035,0.45,,lognormal,0.0058,0.65,,lognormal,0.0142,0.5,,lognormal,0.0283,0.25,
B.10.33.002b,0,Peak Interstory Drift Ratio,unitless,0,1,lognormal,0.0035,0.45,,lognormal,0.0058,0.65,,lognormal,0.0142,0.5,,lognormal,0.0283,0.25,
B.10.33.002c,0,Peak Interstory Drift Ratio,unitless,0,1,lognormal,0.0035,0.45,,lognormal,0.0058,0.65,,lognormal,0.0142,0.5,,lognormal,0.0283,0.25,
B.10.33.003a,0,Peak Interstory Drift Ratio,unitless,0,1,lognormal,0.0035,0.45,,lognormal,0.0058,0.65,,lognormal,0.0142,0.5,,lognormal,0.0283,0.25,
B.10.33.003b,0,Peak Interstory Drift Ratio,unitless,0,1,lognormal,0.0035,0.45,,lognormal,0.0058,0.65,,lognormal,0.0142,0.5,,lognormal,0.0283,0.25,
B.10.33.003c,0,Peak Interstory Drift Ratio,unitless,0,1,lognormal,0.0035,0.45,,lognormal,0.0058,0.65,,lognormal,0.0142,0.5,,lognormal,0.0283,0.25,
B.10.33.011a,0,Peak Interstory Drift Ratio,unitless,0,1,lognormal,0.0035,0.45,,lognormal,0.0092,0.3,,lognormal,0.0167,0.15,,lognormal,0.0223,0.15,
B.10.33.011b,0,Peak Interstory Drift Ratio,unitless,0,1,lognormal,0.0035,0.45,,lognormal,0.0092,0.3,,lognormal,0.0167,0.15,,lognormal,0.0223,0.15,
B.10.33.011c,0,Peak Interstory Drift Ratio,unitless,0,1,lognormal,0.0035,0.45,,lognormal,0.0092,0.3,,lognormal,0.0167,0.15,,lognormal,0.0223,0.15,
B.10.33.012a,0,Peak Interstory Drift Ratio,unitless,0,1,lognormal,0.0035,0.45,,lognormal,0.0092,0.3,,lognormal,0.0167,0.15,,lognormal,0.0223,0.15,
B.10.33.012b,0,Peak Interstory Drift Ratio,unitless,0,1,lognormal,0.0035,0.45,,lognormal,0.0092,0.3,,lognormal,0.0167,0.15,,lognormal,0.0223,0.15,
B.10.33.012c,0,Peak Interstory Drift Ratio,unitless,0,1,lognormal,0.0035,0.45,,lognormal,0.0092,0.3,,lognormal,0.0167,0.15,,lognormal,0.0223,0.15,
B.10.33.013a,0,Peak Interstory Drift Ratio,unitless,0,1,lognormal,0.0035,0.45,,lognormal,0.0092,0.3,,lognormal,0.0167,0.15,,lognormal,0.0223,0.15,
B.10.33.013b,0,Peak Interstory Drift Ratio,unitless,0,1,lognormal,0.0035,0.45,,lognormal,0.0092,0.3,,lognormal,0.0167,0.15,,lognormal,0.0223,0.15,
B.10.33.013c,0,Peak Interstory Drift Ratio,unitless,0,1,lognormal,0.0035,0.45,,lognormal,0.0092,0.3,,lognormal,0.0167,0.15,,lognormal,0.0223,0.15,
B.10.33.021a,0,Peak Interstory Drift Ratio,unitless,0,1,lognormal,0.0037,0.3,,lognormal,0.0075,0.25,,lognormal,0.0145,0.25,,lognormal,0.0199,0.35,
B.10.33.021b,0,Peak Interstory Drift Ratio,unitless,0,1,lognormal,0.0037,0.3,,lognormal,0.0075,0.25,,lognormal,0.0145,0.25,,lognormal,0.0199,0.35,
B.10.33.021c,0,Peak Interstory Drift Ratio,unitless,0,1,lognormal,0.0037,0.3,,lognormal,0.0075,0.25,,lognormal,0.0145,0.25,,lognormal,0.0199,0.35,
B.10.33.022a,0,Peak Interstory Drift Ratio,unitless,0,1,lognormal,0.0037,0.3,,lognormal,0.0075,0.25,,lognormal,0.0145,0.25,,lognormal,0.0199,0.35,
B.10.33.022b,0,Peak Interstory Drift Ratio,unitless,0,1,lognormal,0.0037,0.3,,lognormal,0.0075,0.25,,lognormal,0.0145,0.25,,lognormal,0.0199,0.35,
B.10.33.022c,0,Peak Interstory Drift Ratio,unitless,0,1,lognormal,0.0037,0.3,,lognormal,0.0075,0.25,,lognormal,0.0145,0.25,,lognormal,0.0199,0.35,
B.10.33.023a,0,Peak Interstory Drift Ratio,unitless,0,1,lognormal,0.0037,0.3,,lognormal,0.0075,0.25,,lognormal,0.0145,0.25,,lognormal,0.0199,0.35,
B.10.33.023b,0,Peak Interstory Drift Ratio,unitless,0,1,lognormal,0.0037,0.3,,lognormal,0.0075,0.25,,lognormal,0.0145,0.25,,lognormal,0.0199,0.35,
B.10.33.023c,0,Peak Interstory Drift Ratio,unitless,0,1,lognormal,0.0037,0.3,,lognormal,0.0075,0.25,,lognormal,0.0145,0.25,,lognormal,0.0199,0.35,
B.10.33.031a,0,Peak Interstory Drift Ratio,unitless,0,1,lognormal,0.0074,0.3,,lognormal,0.0121,0.25,,lognormal,0.0152,0.35,,,,,
B.10.33.031b,0,Peak Interstory Drift Ratio,unitless,0,1,lognormal,0.0074,0.3,,lognormal,0.0121,0.25,,lognormal,0.0152,0.35,,,,,
B.10.33.031c,0,Peak Interstory Drift Ratio,unitless,0,1,lognormal,0.0074,0.3,,lognormal,0.0121,0.25,,lognormal,0.0152,0.35,,,,,
B.10.33.032a,0,Peak Interstory Drift Ratio,unitless,0,1,lognormal,0.0074,0.3,,lognormal,0.0121,0.25,,lognormal,0.0152,0.35,,,,,
B.10.33.032b,0,Peak Interstory Drift Ratio,unitless,0,1,lognormal,0.0074,0.3,,lognormal,0.0121,0.25,,lognormal,0.0152,0.35,,,,,
B.10.33.032c,0,Peak Interstory Drift Ratio,unitless,0,1,lognormal,0.0074,0.3,,lognormal,0.0121,0.25,,lognormal,0.0152,0.35,,,,,
B.10.33.033a,0,Peak Interstory Drift Ratio,unitless,0,1,lognormal,0.0038,0.3,,lognormal,0.0075,0.55,,lognormal,0.0145,0.25,,lognormal,0.0185,0.35,
B.10.33.033b,0,Peak Interstory Drift Ratio,unitless,0,1,lognormal,0.0038,0.3,,lognormal,0.0075,0.55,,lognormal,0.0145,0.25,,lognormal,0.0185,0.35,
B.10.33.033c,0,Peak Interstory Drift Ratio,unitless,0,1,lognormal,0.0038,0.3,,lognormal,0.0075,0.55,,lognormal,0.0145,0.25,,lognormal,0.0185,0.35,
B.10.33.041a,0,Peak Interstory Drift Ratio,unitless,0,1,lognormal,0.00256,0.3,,lognormal,0.0048,0.3,,lognormal,0.0112,0.3,,,,,
B.10.33.041b,0,Peak Interstory Drift Ratio,unitless,0,1,lognormal,0.00256,0.3,,lognormal,0.0048,0.3,,lognormal,0.0112,0.3,,,,,
B.10.33.041c,0,Peak Interstory Drift Ratio,unitless,0,1,lognormal,0.00256,0.3,,lognormal,0.0048,0.3,,lognormal,0.0112,0.3,,,,,
B.10.33.042a,0,Peak Interstory Drift Ratio,unitless,0,1,lognormal,0.00256,0.3,,lognormal,0.0048,0.3,,lognormal,0.0112,0.3,,,,,
B.10.33.042b,0,Peak Interstory Drift Ratio,unitless,0,1,lognormal,0.00256,0.3,,lognormal,0.0048,0.3,,lognormal,0.0112,0.3,,,,,
B.10.33.042c,0,Peak Interstory Drift Ratio,unitless,0,1,lognormal,0.00256,0.3,,lognormal,0.0048,0.3,,lognormal,0.0112,0.3,,,,,
B.10.33.043a,0,Peak Interstory Drift Ratio,unitless,0,1,lognormal,0.00256,0.3,,lognormal,0.0048,0.3,,lognormal,0.0112,0.3,,,,,
B.10.33.043b,0,Peak Interstory Drift Ratio,unitless,0,1,lognormal,0.00256,0.3,,lognormal,0.0048,0.3,,lognormal,0.0112,0.3,,,,,
B.10.33.043c,0,Peak Interstory Drift Ratio,unitless,0,1,lognormal,0.00256,0.3,,lognormal,0.0048,0.3,,lognormal,0.0112,0.3,,,,,
B.10.33.051a,0,Peak Interstory Drift Ratio,unitless,0,1,lognormal,0.00159,0.7,,lognormal,0.01,0.3,,lognormal,0.0178,0.3,,,,,
B.10.33.051b,0,Peak Interstory Drift Ratio,unitless,0,1,lognormal,0.00159,0.7,,lognormal,0.01,0.3,,lognormal,0.0178,0.3,,,,,
B.10.33.051c,0,Peak Interstory Drift Ratio,unitless,0,1,lognormal,0.00159,0.7,,lognormal,0.01,0.3,,lognormal,0.0178,0.3,,,,,
B.10.33.052a,0,Peak Interstory Drift Ratio,unitless,0,1,lognormal,0.00159,0.7,,lognormal,0.01,0.3,,lognormal,0.0178,0.3,,,,,
B.10.33.052b,0,Peak Interstory Drift Ratio,unitless,0,1,lognormal,0.00159,0.7,,lognormal,0.01,0.3,,lognormal,0.0178,0.3,,,,,
B.10.33.052c,0,Peak Interstory Drift Ratio,unitless,0,1,lognormal,0.00159,0.7,,lognormal,0.01,0.3,,lognormal,0.0178,0.3,,,,,
B.10.33.053a,0,Peak Interstory Drift Ratio,unitless,0,1,lognormal,0.00159,0.7,,lognormal,0.01,0.3,,lognormal,0.0178,0.3,,,,,
B.10.33.053b,0,Peak Interstory Drift Ratio,unitless,0,1,lognormal,0.00159,0.7,,lognormal,0.01,0.3,,lognormal,0.0178,0.3,,,,,
B.10.33.053c,0,Peak Interstory Drift Ratio,unitless,0,1,lognormal,0.00159,0.7,,lognormal,0.01,0.3,,lognormal,0.0178,0.3,,,,,
B.10.33.061a,0,Peak Interstory Drift Ratio,unitless,0,1,lognormal,0.00159,0.7,,lognormal,0.01,0.3,,lognormal,0.01776,0.3,,,,,
B.10.33.061b,0,Peak Interstory Drift Ratio,unitless,0,1,lognormal,0.00159,0.7,,lognormal,0.01,0.3,,lognormal,0.01776,0.3,,,,,
B.10.33.061c,0,Peak Interstory Drift Ratio,unitless,0,1,lognormal,0.00159,0.7,,lognormal,0.01,0.3,,lognormal,0.01776,0.3,,,,,
B.10.33.062a,0,Peak Interstory Drift Ratio,unitless,0,1,lognormal,0.00159,0.7,,lognormal,0.01,0.3,,lognormal,0.01776,0.3,,,,,
B.10.33.062b,0,Peak Interstory Drift Ratio,unitless,0,1,lognormal,0.00159,0.7,,lognormal,0.01,0.3,,lognormal,0.01776,0.3,,,,,
B.10.33.062c,0,Peak Interstory Drift Ratio,unitless,0,1,lognormal,0.00159,0.7,,lognormal,0.01,0.3,,lognormal,0.01776,0.3,,,,,
B.10.33.063a,0,Peak Interstory Drift Ratio,unitless,0,1,lognormal,0.00159,0.7,,lognormal,0.01,0.3,,lognormal,0.01776,0.3,,,,,
B.10.33.063b,0,Peak Interstory Drift Ratio,unitless,0,1,lognormal,0.00159,0.7,,lognormal,0.01,0.3,,lognormal,0.01776,0.3,,,,,
B.10.33.063c,0,Peak Interstory Drift Ratio,unitless,0,1,lognormal,0.00159,0.7,,lognormal,0.01,0.3,,lognormal,0.01776,0.3,,,,,
B.10.33.071a,0,Peak Interstory Drift Ratio,unitless,0,1,lognormal,0.0042,0.25,,,,,,,,,,,,,
B.10.33.071b,0,Peak Interstory Drift Ratio,unitless,0,1,lognormal,0.0042,0.25,,,,,,,,,,,,,
B.10.33.071c,0,Peak Interstory Drift Ratio,unitless,0,1,lognormal,0.0042,0.25,,,,,,,,,,,,,
B.10.33.072a,0,Peak Interstory Drift Ratio,unitless,0,1,lognormal,0.0042,0.25,,,,,,,,,,,,,
B.10.33.072b,0,Peak Interstory Drift Ratio,unitless,0,1,lognormal,0.0042,0.25,,,,,,,,,,,,,
B.10.33.072c,0,Peak Interstory Drift Ratio,unitless,0,1,lognormal,0.0042,0.25,,,,,,,,,,,,,
B.10.33.073a,0,Peak Interstory Drift Ratio,unitless,0,1,lognormal,0.0042,0.25,,,,,,,,,,,,,
B.10.33.073b,0,Peak Interstory Drift Ratio,unitless,0,1,lognormal,0.0042,0.25,,,,,,,,,,,,,
B.10.33.073c,0,Peak Interstory Drift Ratio,unitless,0,1,lognormal,0.0042,0.25,,,,,,,,,,,,,
B.10.33.101a,0,Peak Interstory Drift Ratio,unitless,0,1,lognormal,0.02,0.4,,,,,,,,,,,,,
B.10.33.101b,0,Peak Interstory Drift Ratio,unitless,0,1,lognormal,0.02,0.4,,,,,,,,,,,,,
B.10.33.101c,0,Peak Interstory Drift Ratio,unitless,0,1,lognormal,0.02,0.4,,,,,,,,,,,,,
B.10.33.111a,0,Peak Interstory Drift Ratio,unitless,0,1,lognormal,0.02,0.4,,,,,,,,,,,,,
B.10.33.111b,0,Peak Interstory Drift Ratio,unitless,0,1,lognormal,0.02,0.4,,,,,,,,,,,,,
B.10.33.111c,0,Peak Interstory Drift Ratio,unitless,0,1,lognormal,0.02,0.4,,,,,,,,,,,,,
B.10.35.001,0,Peak Interstory Drift Ratio,unitless,0,1,lognormal,0.03,0.3,,lognormal,0.04,0.3,,lognormal,0.05,0.3,,,,,
B.10.35.002,0,Peak Interstory Drift Ratio,unitless,0,1,lognormal,0.03,0.3,,lognormal,0.04,0.3,,lognormal,0.05,0.3,,,,,
B.10.35.011,0,Peak Interstory Drift Ratio,unitless,0,1,lognormal,0.03,0.3,,lognormal,0.04,0.3,,lognormal,0.05,0.3,,,,,
B.10.35.012,0,Peak Interstory Drift Ratio,unitless,0,1,lognormal,0.03,0.3,,lognormal,0.04,0.3,,lognormal,0.05,0.3,,,,,
B.10.35.021,0,Peak Interstory Drift Ratio,unitless,0,1,lognormal,0.03,0.3,,lognormal,0.04,0.3,,lognormal,0.05,0.3,,,,,
B.10.35.022,0,Peak Interstory Drift Ratio,unitless,0,1,lognormal,0.03,0.3,,lognormal,0.04,0.3,,lognormal,0.05,0.3,,,,,
B.10.35.031,0,Peak Interstory Drift Ratio,unitless,0,1,lognormal,0.03,0.3,,lognormal,0.04,0.3,,lognormal,0.05,0.3,,,,,
B.10.35.032,0,Peak Interstory Drift Ratio,unitless,0,1,lognormal,0.03,0.3,,lognormal,0.04,0.3,,lognormal,0.05,0.3,,,,,
B.10.35.041,0,Peak Interstory Drift Ratio,unitless,0,1,lognormal,0.017,0.4,0.750000 | 0.250000,lognormal,0.025,0.4,0.750000 | 0.250000,lognormal,0.03,0.4,,,,,
B.10.35.042,0,Peak Interstory Drift Ratio,unitless,0,1,lognormal,0.017,0.4,0.750000 | 0.250000,lognormal,0.025,0.4,0.750000 | 0.250000,lognormal,0.03,0.4,,,,,
B.10.35.051,0,Peak Interstory Drift Ratio,unitless,0,1,lognormal,0.017,0.4,0.750000 | 0.250000,lognormal,0.025,0.4,0.750000 | 0.250000,lognormal,0.03,0.4,,,,,
B.10.35.052,0,Peak Interstory Drift Ratio,unitless,0,1,lognormal,0.017,0.4,0.750000 | 0.250000,lognormal,0.025,0.4,0.750000 | 0.250000,lognormal,0.03,0.4,,,,,
B.10.35.061a,0,Peak Link Rotation Angle,rad,0,1,lognormal,0.04,0.3,,lognormal,0.06,0.3,,lognormal,0.08,0.3,,,,,
B.10.35.061b,0,Peak Link Rotation Angle,rad,0,1,lognormal,0.04,0.3,,lognormal,0.06,0.3,,lognormal,0.08,0.3,,,,,
B.10.35.062a,0,Peak Link Rotation Angle,rad,0,1,lognormal,0.04,0.3,,lognormal,0.06,0.3,,lognormal,0.08,0.3,,,,,
B.10.35.062b,0,Peak Link Rotation Angle,rad,0,1,lognormal,0.04,0.3,,lognormal,0.06,0.3,,lognormal,0.08,0.3,,,,,
B.10.41.001a,0,Peak Interstory Drift Ratio,unitless,0,1,lognormal,0.02,0.4,,lognormal,0.0275,0.3,,lognormal,0.05,0.3,0.800000 | 0.200000,,,,
B.10.41.001b,0,Peak Interstory Drift Ratio,unitless,0,1,lognormal,0.02,0.4,,lognormal,0.0275,0.3,,lognormal,0.05,0.3,0.800000 | 0.200000,,,,
B.10.41.002a,0,Peak Interstory Drift Ratio,unitless,0,1,lognormal,0.02,0.4,,lognormal,0.0275,0.3,,lognormal,0.05,0.3,0.800000 | 0.200000,,,,
B.10.41.002b,0,Peak Interstory Drift Ratio,unitless,0,1,lognormal,0.02,0.4,,lognormal,0.0275,0.3,,lognormal,0.05,0.3,0.800000 | 0.200000,,,,
B.10.41.003a,0,Peak Interstory Drift Ratio,unitless,0,1,lognormal,0.02,0.4,,lognormal,0.0275,0.3,,lognormal,0.05,0.3,0.800000 | 0.200000,,,,
B.10.41.003b,0,Peak Interstory Drift Ratio,unitless,0,1,lognormal,0.02,0.4,,lognormal,0.0275,0.3,,lognormal,0.05,0.3,0.800000 | 0.200000,,,,
B.10.41.011a,0,Peak Interstory Drift Ratio,unitless,0,1,lognormal,0.02,0.4,,lognormal,0.025,0.3,,lognormal,0.04,0.3,0.500000 | 0.500000,,,,
B.10.41.011b,0,Peak Interstory Drift Ratio,unitless,0,1,lognormal,0.02,0.4,,lognormal,0.025,0.3,,lognormal,0.04,0.3,0.500000 | 0.500000,,,,
B.10.41.012a,0,Peak Interstory Drift Ratio,unitless,0,1,lognormal,0.02,0.4,,lognormal,0.025,0.3,,lognormal,0.04,0.3,0.500000 | 0.500000,,,,
B.10.41.012b,0,Peak Interstory Drift Ratio,unitless,0,1,lognormal,0.02,0.4,,lognormal,0.025,0.3,,lognormal,0.04,0.3,0.500000 | 0.500000,,,,
B.10.41.013a,0,Peak Interstory Drift Ratio,unitless,0,1,lognormal,0.02,0.4,,lognormal,0.025,0.3,,lognormal,0.04,0.3,0.500000 | 0.500000,,,,
B.10.41.013b,0,Peak Interstory Drift Ratio,unitless,0,1,lognormal,0.02,0.4,,lognormal,0.025,0.3,,lognormal,0.04,0.3,0.500000 | 0.500000,,,,
B.10.41.021a,0,Peak Interstory Drift Ratio,unitless,0,1,lognormal,0.02,0.4,,lognormal,0.025,0.3,,lognormal,0.035,0.3,0.400000 | 0.600000,,,,
B.10.41.021b,0,Peak Interstory Drift Ratio,unitless,0,1,lognormal,0.02,0.4,,lognormal,0.025,0.3,,lognormal,0.035,0.3,0.400000 | 0.600000,,,,
B.10.41.022a,0,Peak Interstory Drift Ratio,unitless,0,1,lognormal,0.02,0.4,,lognormal,0.025,0.3,,lognormal,0.035,0.3,0.400000 | 0.600000,,,,
B.10.41.022b,0,Peak Interstory Drift Ratio,unitless,0,1,lognormal,0.02,0.4,,lognormal,0.025,0.3,,lognormal,0.035,0.3,0.400000 | 0.600000,,,,
B.10.41.023a,0,Peak Interstory Drift Ratio,unitless,0,1,lognormal,0.02,0.4,,lognormal,0.025,0.3,,lognormal,0.035,0.3,0.400000 | 0.600000,,,,
B.10.41.023b,0,Peak Interstory Drift Ratio,unitless,0,1,lognormal,0.02,0.4,,lognormal,0.025,0.3,,lognormal,0.035,0.3,0.400000 | 0.600000,,,,
B.10.41.031a,0,Peak Interstory Drift Ratio,unitless,0,1,lognormal,0.0175,0.4,,lognormal,0.0225,0.4,,lognormal,0.0322,0.4,,,,,
B.10.41.031b,0,Peak Interstory Drift Ratio,unitless,0,1,lognormal,0.0175,0.4,,lognormal,0.0225,0.4,,lognormal,0.0322,0.4,,,,,
B.10.41.032a,0,Peak Interstory Drift Ratio,unitless,0,1,lognormal,0.0175,0.4,,lognormal,0.0225,0.4,,lognormal,0.0322,0.4,,,,,
B.10.41.032b,0,Peak Interstory Drift Ratio,unitless,0,1,lognormal,0.0175,0.4,,lognormal,0.0225,0.4,,lognormal,0.0322,0.4,,,,,
B.10.41.033a,0,Peak Interstory Drift Ratio,unitless,0,1,lognormal,0.0175,0.4,,lognormal,0.0225,0.4,,lognormal,0.0322,0.4,,,,,
B.10.41.033b,0,Peak Interstory Drift Ratio,unitless,0,1,lognormal,0.0175,0.4,,lognormal,0.0225,0.4,,lognormal,0.0322,0.4,,,,,
B.10.41.041a,0,Peak Interstory Drift Ratio,unitless,0,1,lognormal,0.015,0.4,,lognormal,0.0175,0.4,,lognormal,0.02,0.4,,,,,
B.10.41.041b,0,Peak Interstory Drift Ratio,unitless,0,1,lognormal,0.015,0.4,,lognormal,0.0175,0.4,,lognormal,0.02,0.4,,,,,
B.10.41.042a,0,Peak Interstory Drift Ratio,unitless,0,1,lognormal,0.015,0.4,,lognormal,0.0175,0.4,,lognormal,0.02,0.4,,,,,
B.10.41.042b,0,Peak Interstory Drift Ratio,unitless,0,1,lognormal,0.015,0.4,,lognormal,0.0175,0.4,,lognormal,0.02,0.4,,,,,
B.10.41.043a,0,Peak Interstory Drift Ratio,unitless,0,1,lognormal,0.015,0.4,,lognormal,0.0175,0.4,,lognormal,0.02,0.4,,,,,
B.10.41.043b,0,Peak Interstory Drift Ratio,unitless,0,1,lognormal,0.015,0.4,,lognormal,0.0175,0.4,,lognormal,0.02,0.4,,,,,
B.10.41.051a,0,Peak Interstory Drift Ratio,unitless,0,1,lognormal,0.0175,0.4,,lognormal,0.02,0.4,,lognormal,0.03,0.4,,,,,
B.10.41.051b,0,Peak Interstory Drift Ratio,unitless,0,1,lognormal,0.0175,0.4,,lognormal,0.02,0.4,,lognormal,0.03,0.4,,,,,
B.10.41.052a,0,Peak Interstory Drift Ratio,unitless,0,1,lognormal,0.0175,0.4,,lognormal,0.02,0.4,,lognormal,0.03,0.4,,,,,
B.10.41.052b,0,Peak Interstory Drift Ratio,unitless,0,1,lognormal,0.0175,0.4,,lognormal,0.02,0.4,,lognormal,0.03,0.4,,,,,
B.10.41.053a,0,Peak Interstory Drift Ratio,unitless,0,1,lognormal,0.0175,0.4,,lognormal,0.02,0.4,,lognormal,0.03,0.4,,,,,
B.10.41.053b,0,Peak Interstory Drift Ratio,unitless,0,1,lognormal,0.0175,0.4,,lognormal,0.02,0.4,,lognormal,0.03,0.4,,,,,
B.10.41.061a,0,Peak Interstory Drift Ratio,unitless,0,1,lognormal,0.015,0.4,,lognormal,0.0175,0.4,,lognormal,0.02,0.4,,,,,
B.10.41.061b,0,Peak Interstory Drift Ratio,unitless,0,1,lognormal,0.015,0.4,,lognormal,0.0175,0.4,,lognormal,0.02,0.4,,,,,
B.10.41.062a,0,Peak Interstory Drift Ratio,unitless,0,1,lognormal,0.015,0.4,,lognormal,0.0175,0.4,,lognormal,0.02,0.4,,,,,
B.10.41.062b,0,Peak Interstory Drift Ratio,unitless,0,1,lognormal,0.015,0.4,,lognormal,0.0175,0.4,,lognormal,0.02,0.4,,,,,
B.10.41.063a,0,Peak Interstory Drift Ratio,unitless,0,1,lognormal,0.015,0.4,,lognormal,0.0175,0.4,,lognormal,0.02,0.4,,,,,
B.10.41.063b,0,Peak Interstory Drift Ratio,unitless,0,1,lognormal,0.015,0.4,,lognormal,0.0175,0.4,,lognormal,0.02,0.4,,,,,
B.10.41.071a,0,Peak Interstory Drift Ratio,unitless,0,1,lognormal,0.0025,0.4,,lognormal,0.005,0.5,,,,,,,,,
B.10.41.071b,0,Peak Interstory Drift Ratio,unitless,0,1,lognormal,0.0025,0.4,,lognormal,0.005,0.5,,,,,,,,,
B.10.41.072a,0,Peak Interstory Drift Ratio,unitless,0,1,lognormal,0.0025,0.4,,lognormal,0.005,0.5,,,,,,,,,
B.10.41.072b,0,Peak Interstory Drift Ratio,unitless,0,1,lognormal,0.0025,0.4,,lognormal,0.005,0.5,,,,,,,,,
B.10.41.073a,0,Peak Interstory Drift Ratio,unitless,0,1,lognormal,0.0025,0.4,,lognormal,0.005,0.5,,,,,,,,,
B.10.41.073b,0,Peak Interstory Drift Ratio,unitless,0,1,lognormal,0.0025,0.4,,lognormal,0.005,0.5,,,,,,,,,
B.10.41.081a,0,Peak Interstory Drift Ratio,unitless,0,1,lognormal,0.0175,0.4,,lognormal,0.0225,0.4,,lognormal,0.0322,0.4,,,,,
B.10.41.081b,0,Peak Interstory Drift Ratio,unitless,0,1,lognormal,0.0175,0.4,,lognormal,0.0225,0.4,,lognormal,0.0322,0.4,,,,,
B.10.41.082a,0,Peak Interstory Drift Ratio,unitless,0,1,lognormal,0.0175,0.4,,lognormal,0.0225,0.4,,lognormal,0.0322,0.4,,,,,
B.10.41.082b,0,Peak Interstory Drift Ratio,unitless,0,1,lognormal,0.0175,0.4,,lognormal,0.0225,0.4,,lognormal,0.0322,0.4,,,,,
B.10.41.083a,0,Peak Interstory Drift Ratio,unitless,0,1,lognormal,0.0175,0.4,,lognormal,0.0225,0.4,,lognormal,0.0322,0.4,,,,,
B.10.41.083b,0,Peak Interstory Drift Ratio,unitless,0,1,lognormal,0.0175,0.4,,lognormal,0.0225,0.4,,lognormal,0.0322,0.4,,,,,
B.10.41.091a,0,Peak Interstory Drift Ratio,unitless,0,1,lognormal,0.015,0.4,,lognormal,0.0175,0.4,,lognormal,0.02,0.4,,,,,
B.10.41.091b,0,Peak Interstory Drift Ratio,unitless,0,1,lognormal,0.015,0.4,,lognormal,0.0175,0.4,,lognormal,0.02,0.4,,,,,
B.10.41.092a,0,Peak Interstory Drift Ratio,unitless,0,1,lognormal,0.015,0.4,,lognormal,0.0175,0.4,,lognormal,0.02,0.4,,,,,
B.10.41.092b,0,Peak Interstory Drift Ratio,unitless,0,1,lognormal,0.015,0.4,,lognormal,0.0175,0.4,,lognormal,0.02,0.4,,,,,
B.10.41.093a,0,Peak Interstory Drift Ratio,unitless,0,1,lognormal,0.015,0.4,,lognormal,0.0175,0.4,,lognormal,0.02,0.4,,,,,
B.10.41.093b,0,Peak Interstory Drift Ratio,unitless,0,1,lognormal,0.015,0.4,,lognormal,0.0175,0.4,,lognormal,0.02,0.4,,,,,
B.10.41.101a,0,Peak Interstory Drift Ratio,unitless,0,1,lognormal,0.015,0.4,,lognormal,0.02,0.4,,lognormal,0.025,0.4,,,,,
B.10.41.101b,0,Peak Interstory Drift Ratio,unitless,0,1,lognormal,0.015,0.4,,lognormal,0.02,0.4,,lognormal,0.025,0.4,,,,,
B.10.41.102a,0,Peak Interstory Drift Ratio,unitless,0,1,lognormal,0.015,0.4,,lognormal,0.02,0.4,,lognormal,0.025,0.4,,,,,
B.10.41.102b,0,Peak Interstory Drift Ratio,unitless,0,1,lognormal,0.015,0.4,,lognormal,0.02,0.4,,lognormal,0.025,0.4,,,,,
B.10.41.103a,0,Peak Interstory Drift Ratio,unitless,0,1,lognormal,0.015,0.4,,lognormal,0.02,0.4,,lognormal,0.025,0.4,,,,,
B.10.41.103b,0,Peak Interstory Drift Ratio,unitless,0,1,lognormal,0.015,0.4,,lognormal,0.02,0.4,,lognormal,0.025,0.4,,,,,
B.10.41.111a,0,Peak Interstory Drift Ratio,unitless,0,1,lognormal,0.015,0.4,,lognormal,0.02,0.4,,lognormal,0.025,0.4,,,,,
B.10.41.111b,0,Peak Interstory Drift Ratio,unitless,0,1,lognormal,0.015,0.4,,lognormal,0.02,0.4,,lognormal,0.025,0.4,,,,,
B.10.41.112a,0,Peak Interstory Drift Ratio,unitless,0,1,lognormal,0.015,0.4,,lognormal,0.02,0.4,,lognormal,0.025,0.4,,,,,
B.10.41.112b,0,Peak Interstory Drift Ratio,unitless,0,1,lognormal,0.015,0.4,,lognormal,0.02,0.4,,lognormal,0.025,0.4,,,,,
B.10.41.113a,0,Peak Interstory Drift Ratio,unitless,0,1,lognormal,0.015,0.4,,lognormal,0.02,0.4,,lognormal,0.025,0.4,,,,,
B.10.41.113b,0,Peak Interstory Drift Ratio,unitless,0,1,lognormal,0.015,0.4,,lognormal,0.02,0.4,,lognormal,0.025,0.4,,,,,
B.10.41.121a,0,Peak Interstory Drift Ratio,unitless,0,1,lognormal,0.0025,0.4,,lognormal,0.005,0.5,,,,,,,,,
B.10.41.121b,0,Peak Interstory Drift Ratio,unitless,0,1,lognormal,0.0025,0.4,,lognormal,0.005,0.5,,,,,,,,,
B.10.41.122a,0,Peak Interstory Drift Ratio,unitless,0,1,lognormal,0.0025,0.4,,lognormal,0.005,0.5,,,,,,,,,
B.10.41.122b,0,Peak Interstory Drift Ratio,unitless,0,1,lognormal,0.0025,0.4,,lognormal,0.005,0.5,,,,,,,,,
B.10.41.123a,0,Peak Interstory Drift Ratio,unitless,0,1,lognormal,0.0025,0.4,,lognormal,0.005,0.5,,,,,,,,,
B.10.41.123b,0,Peak Interstory Drift Ratio,unitless,0,1,lognormal,0.0025,0.4,,lognormal,0.005,0.5,,,,,,,,,
B.10.41.131a,0,Peak Interstory Drift Ratio,unitless,0,1,lognormal,0.015,0.4,,lognormal,0.02,0.4,,,,,,,,,
B.10.41.131b,0,Peak Interstory Drift Ratio,unitless,0,1,lognormal,0.015,0.4,,lognormal,0.02,0.4,,,,,,,,,
B.10.41.132a,0,Peak Interstory Drift Ratio,unitless,0,1,lognormal,0.015,0.4,,lognormal,0.02,0.4,,,,,,,,,
B.10.41.132b,0,Peak Interstory Drift Ratio,unitless,0,1,lognormal,0.015,0.4,,lognormal,0.02,0.4,,,,,,,,,
B.10.41.133a,0,Peak Interstory Drift Ratio,unitless,0,1,lognormal,0.015,0.4,,lognormal,0.02,0.4,,,,,,,,,
B.10.41.133b,0,Peak Interstory Drift Ratio,unitless,0,1,lognormal,0.015,0.4,,lognormal,0.02,0.4,,,,,,,,,
B.10.42.001a,0,Peak Link Beam Chord Rotation,rad,0,1,lognormal,0.0179,0.38,,lognormal,0.0352,0.44,,lognormal,0.0543,0.95,,,,,
B.10.42.001b,0,Peak Link Beam Chord Rotation,rad,0,1,lognormal,0.0203,0.39,,lognormal,0.0394,0.35,,lognormal,0.0602,1.0,,,,,
B.10.42.002a,0,Peak Link Beam Chord Rotation,rad,0,1,lognormal,0.013700000000000002,0.21,,lognormal,0.026400000000000003,0.33,,lognormal,0.042800000000000005,0.74,,,,,
B.10.42.002b,0,Peak Link Beam Chord Rotation,rad,0,1,lognormal,0.013700000000000002,0.21,,lognormal,0.026400000000000003,0.33,,lognormal,0.04070000000000001,0.75,,,,,
B.10.42.011a,0,Peak Link Beam Chord Rotation,rad,0,1,lognormal,0.0179,0.38,,lognormal,0.0352,0.44,,lognormal,0.0543,0.95,,,,,
B.10.42.011b,0,Peak Link Beam Chord Rotation,rad,0,1,lognormal,0.0203,0.39,,lognormal,0.0394,0.35,,lognormal,0.0602,1.0,,,,,
B.10.42.012a,0,Peak Link Beam Chord Rotation,rad,0,1,lognormal,0.013700000000000002,0.21,,lognormal,0.026400000000000003,0.33,,lognormal,0.042800000000000005,0.74,,,,,
B.10.42.012b,0,Peak Link Beam Chord Rotation,rad,0,1,lognormal,0.013700000000000002,0.21,,lognormal,0.026400000000000003,0.33,,lognormal,0.04070000000000001,0.75,,,,,
B.10.42.021a,0,Peak Link Beam Chord Rotation,rad,0,1,lognormal,0.0179,0.38,,lognormal,0.0352,0.44,,lognormal,0.0543,0.95,,,,,
B.10.42.021b,0,Peak Link Beam Chord Rotation,rad,0,1,lognormal,0.0203,0.39,,lognormal,0.0394,0.35,,lognormal,0.0602,1.0,,,,,
B.10.42.022a,0,Peak Link Beam Chord Rotation,rad,0,1,lognormal,0.013700000000000002,0.21,,lognormal,0.026400000000000003,0.33,,lognormal,0.042800000000000005,0.74,,,,,
B.10.42.022b,0,Peak Link Beam Chord Rotation,rad,0,1,lognormal,0.013700000000000002,0.21,,lognormal,0.026400000000000003,0.33,,lognormal,0.04070000000000001,0.75,,,,,
B.10.44.001,0,Peak Interstory Drift Ratio,unitless,0,1,lognormal,0.0055,0.36,,lognormal,0.0109,0.3,,lognormal,0.013,0.36,,,,,
B.10.44.002,0,Peak Interstory Drift Ratio,unitless,0,1,lognormal,0.0055,0.36,,lognormal,0.0109,0.3,,lognormal,0.013,0.36,,,,,
B.10.44.003,0,Peak Interstory Drift Ratio,unitless,0,1,lognormal,0.0055,0.36,,lognormal,0.0109,0.3,,lognormal,0.013,0.36,,,,,
B.10.44.011,0,Peak Interstory Drift Ratio,unitless,0,1,lognormal,0.0055,0.36,,lognormal,0.0109,0.3,,lognormal,0.013,0.36,,,,,
B.10.44.012,0,Peak Interstory Drift Ratio,unitless,0,1,lognormal,0.0055,0.36,,lognormal,0.0109,0.3,,lognormal,0.013,0.36,,,,,
B.10.44.013,0,Peak Interstory Drift Ratio,unitless,0,1,lognormal,0.0055,0.36,,lognormal,0.0109,0.3,,lognormal,0.013,0.36,,,,,
B.10.44.021,0,Peak Interstory Drift Ratio,unitless,0,1,lognormal,0.0055,0.36,,lognormal,0.0109,0.3,,lognormal,0.013,0.36,,,,,
B.10.44.022,0,Peak Interstory Drift Ratio,unitless,0,1,lognormal,0.0055,0.36,,lognormal,0.0109,0.3,,lognormal,0.013,0.36,,,,,
B.10.44.023,0,Peak Interstory Drift Ratio,unitless,0,1,lognormal,0.0055,0.36,,lognormal,0.0109,0.3,,lognormal,0.013,0.36,,,,,
B.10.44.031,0,Peak Interstory Drift Ratio,unitless,0,1,lognormal,0.0076,0.35,,lognormal,0.0134,0.45,,,,,,,,,
B.10.44.032,0,Peak Interstory Drift Ratio,unitless,0,1,lognormal,0.0076,0.35,,lognormal,0.0134,0.45,,,,,,,,,
B.10.44.033,0,Peak Interstory Drift Ratio,unitless,0,1,lognormal,0.0076,0.35,,lognormal,0.0134,0.45,,,,,,,,,
B.10.44.041,0,Peak Interstory Drift Ratio,unitless,0,1,lognormal,0.0076,0.35,,lognormal,0.0134,0.45,,,,,,,,,
B.10.44.042,0,Peak Interstory Drift Ratio,unitless,0,1,lognormal,0.0076,0.35,,lognormal,0.0134,0.45,,,,,,,,,
B.10.44.043,0,Peak Interstory Drift Ratio,unitless,0,1,lognormal,0.0076,0.35,,lognormal,0.0134,0.45,,,,,,,,,
B.10.44.051,0,Peak Interstory Drift Ratio,unitless,0,1,lognormal,0.0076,0.35,,lognormal,0.0134,0.45,,,,,,,,,
B.10.44.052,0,Peak Interstory Drift Ratio,unitless,0,1,lognormal,0.0076,0.35,,lognormal,0.0134,0.45,,,,,,,,,
B.10.44.053,0,Peak Interstory Drift Ratio,unitless,0,1,lognormal,0.0076,0.35,,lognormal,0.0134,0.45,,,,,,,,,
B.10.44.061,0,Peak Interstory Drift Ratio,unitless,0,1,lognormal,0.0033,0.35,,lognormal,0.0087,0.2,,,,,,,,,
B.10.44.062,0,Peak Interstory Drift Ratio,unitless,0,1,lognormal,0.0033,0.35,,lognormal,0.0087,0.2,,,,,,,,,
B.10.44.063,0,Peak Interstory Drift Ratio,unitless,0,1,lognormal,0.0033,0.35,,lognormal,0.0087,0.2,,,,,,,,,
B.10.44.071,0,Peak Interstory Drift Ratio,unitless,0,1,lognormal,0.0033,0.35,,lognormal,0.0087,0.2,,,,,,,,,
B.10.44.072,0,Peak Interstory Drift Ratio,unitless,0,1,lognormal,0.0033,0.35,,lognormal,0.0087,0.2,,,,,,,,,
B.10.44.073,0,Peak Interstory Drift Ratio,unitless,0,1,lognormal,0.0033,0.35,,lognormal,0.0087,0.2,,,,,,,,,
B.10.44.081,0,Peak Interstory Drift Ratio,unitless,0,1,lognormal,0.0033,0.35,,lognormal,0.0087,0.2,,,,,,,,,
B.10.44.082,0,Peak Interstory Drift Ratio,unitless,0,1,lognormal,0.0033,0.35,,lognormal,0.0087,0.2,,,,,,,,,
B.10.44.083,0,Peak Interstory Drift Ratio,unitless,0,1,lognormal,0.0033,0.35,,lognormal,0.0087,0.2,,,,,,,,,
B.10.44.091,0,Peak Effective Drift Ratio,unitless,0,1,lognormal,0.009300000000000001,0.5,,lognormal,0.0128,0.35,,lognormal,0.018600000000000002,0.45,,,,,
B.10.44.092,0,Peak Effective Drift Ratio,unitless,0,1,lognormal,0.009300000000000001,0.5,,lognormal,0.0128,0.35,,lognormal,0.018600000000000002,0.45,,,,,
B.10.44.093,0,Peak Effective Drift Ratio,unitless,0,1,lognormal,0.009300000000000001,0.5,,lognormal,0.0128,0.35,,lognormal,0.018600000000000002,0.45,,,,,
B.10.44.101,0,Peak Effective Drift Ratio,unitless,0,1,lognormal,0.009300000000000001,0.5,,lognormal,0.0128,0.35,,lognormal,0.018600000000000002,0.45,,,,,
B.10.44.102,0,Peak Effective Drift Ratio,unitless,0,1,lognormal,0.009300000000000001,0.5,,lognormal,0.0128,0.35,,lognormal,0.018600000000000002,0.45,,,,,
B.10.44.103,0,Peak Effective Drift Ratio,unitless,0,1,lognormal,0.009300000000000001,0.5,,lognormal,0.0128,0.35,,lognormal,0.018600000000000002,0.45,,,,,
B.10.44.111,0,Peak Effective Drift Ratio,unitless,0,1,lognormal,0.009300000000000001,0.5,,lognormal,0.0128,0.35,,lognormal,0.018600000000000002,0.45,,,,,
B.10.44.112,0,Peak Effective Drift Ratio,unitless,0,1,lognormal,0.009300000000000001,0.5,,lognormal,0.0128,0.35,,lognormal,0.018600000000000002,0.45,,,,,
B.10.44.113,0,Peak Effective Drift Ratio,unitless,0,1,lognormal,0.009300000000000001,0.5,,lognormal,0.0128,0.35,,lognormal,0.018600000000000002,0.45,,,,,
B.10.49.001a,0,Peak Interstory Drift Ratio,unitless,0,0,lognormal,0.025,0.25,,lognormal,0.04,0.25,,,,,,,,,
B.10.49.001b,0,Peak Interstory Drift Ratio,unitless,0,0,lognormal,0.025,0.25,,lognormal,0.04,0.25,,,,,,,,,
B.10.49.002a,0,Peak Interstory Drift Ratio,unitless,0,0,lognormal,0.02,0.4,,lognormal,0.035,0.4,,,,,,,,,
B.10.49.002b,0,Peak Interstory Drift Ratio,unitless,0,0,lognormal,0.02,0.4,,lognormal,0.035,0.4,,,,,,,,,
B.10.49.003a,0,Peak Interstory Drift Ratio,unitless,0,0,lognormal,0.012,0.4,,lognormal,0.016,0.4,,,,,,,,,
B.10.49.003b,0,Peak Interstory Drift Ratio,unitless,0,0,lognormal,0.012,0.4,,lognormal,0.016,0.4,,,,,,,,,
B.10.49.011,0,Peak Interstory Drift Ratio,unitless,0,0,lognormal,0.03,0.4,,lognormal,0.048,0.4,,,,,,,,,
B.10.49.012,0,Peak Interstory Drift Ratio,unitless,0,0,lognormal,0.022,0.4,,lognormal,0.03,0.4,,,,,,,,,
B.10.49.021a,0,Peak Interstory Drift Ratio,unitless,0,0,lognormal,0.018,0.4,,lognormal,0.03,0.4,,,,,,,,,
B.10.49.021b,0,Peak Interstory Drift Ratio,unitless,0,0,lognormal,0.018,0.4,,lognormal,0.03,0.4,,,,,,,,,
B.10.49.022a,0,Peak Interstory Drift Ratio,unitless,0,0,lognormal,0.013,0.5,,lognormal,0.019,0.55,,,,,,,,,
B.10.49.022b,0,Peak Interstory Drift Ratio,unitless,0,0,lognormal,0.013,0.5,,lognormal,0.019,0.55,,,,,,,,,
B.10.49.031,0,Peak Interstory Drift Ratio,unitless,0,0,lognormal,0.028,0.5,,lognormal,0.04,0.5,,,,,,,,,
B.10.49.032,0,Peak Interstory Drift Ratio,unitless,0,0,lognormal,0.023,0.5,,lognormal,0.032,0.5,,,,,,,,,
B.10.49.041a,0,Peak Interstory Drift Ratio,unitless,0,0,lognormal,0.025,0.5,,lognormal,0.042,0.5,,,,,,,,,
B.10.49.041b,0,Peak Interstory Drift Ratio,unitless,0,0,lognormal,0.025,0.5,,lognormal,0.042,0.5,,,,,,,,,
B.10.49.042a,0,Peak Interstory Drift Ratio,unitless,0,0,lognormal,0.017,0.5,,lognormal,0.023,0.5,,,,,,,,,
B.10.49.042b,0,Peak Interstory Drift Ratio,unitless,0,0,lognormal,0.017,0.5,,lognormal,0.023,0.5,,,,,,,,,
B.10.51.001,0,Peak Interstory Drift Ratio,unitless,0,1,lognormal,0.002,0.86,,lognormal,0.0033,0.77,,,,,,,,,
B.10.51.002,0,Peak Interstory Drift Ratio,unitless,0,1,lognormal,0.002,0.86,,lognormal,0.0033,0.77,,,,,,,,,
B.10.51.003,0,Peak Interstory Drift Ratio,unitless,0,1,lognormal,0.0018,0.73,,lognormal,0.0051,0.65,,lognormal,0.0086,0.56,,,,,
B.10.51.004,0,Peak Interstory Drift Ratio,unitless,0,1,lognormal,0.0018,0.73,,lognormal,0.0051,0.65,,lognormal,0.0086,0.56,,,,,
B.10.51.011,0,Peak Interstory Drift Ratio,unitless,0,1,lognormal,0.002,0.86,,lognormal,0.0033,0.77,,,,,,,,,
B.10.51.012,0,Peak Interstory Drift Ratio,unitless,0,1,lognormal,0.002,0.86,,lognormal,0.0033,0.77,,,,,,,,,
B.10.51.013,0,Peak Interstory Drift Ratio,unitless,0,1,lognormal,0.0018,0.73,,lognormal,0.0051,0.65,,lognormal,0.0086,0.56,,,,,
B.10.51.014,0,Peak Interstory Drift Ratio,unitless,0,1,lognormal,0.0018,0.73,,lognormal,0.0051,0.65,,lognormal,0.0086,0.56,,,,,
B.10.51.021,0,Peak Interstory Drift Ratio,unitless,0,1,lognormal,0.002,0.86,,lognormal,0.0033,0.77,,,,,,,,,
B.10.51.022,0,Peak Interstory Drift Ratio,unitless,0,1,lognormal,0.002,0.86,,lognormal,0.0033,0.77,,,,,,,,,
B.10.51.023,0,Peak Interstory Drift Ratio,unitless,0,1,lognormal,0.0018,0.73,,lognormal,0.0051,0.65,,lognormal,0.0086,0.56,,,,,
B.10.51.024,0,Peak Interstory Drift Ratio,unitless,0,1,lognormal,0.0018,0.73,,lognormal,0.0051,0.65,,lognormal,0.0086,0.56,,,,,
B.10.52.001,0,Peak Interstory Drift Ratio,unitless,0,1,lognormal,0.0036,0.59,,lognormal,0.0059,0.51,,,,,,,,,
B.10.52.002,0,Peak Interstory Drift Ratio,unitless,0,1,lognormal,0.0036,0.59,,lognormal,0.0059,0.51,,,,,,,,,
B.10.52.003,0,Peak Interstory Drift Ratio,unitless,0,1,lognormal,0.0031,0.47,,lognormal,0.009,0.4,,lognormal,0.0151,0.32,,,,,
B.10.52.004,0,Peak Interstory Drift Ratio,unitless,0,1,lognormal,0.0031,0.47,,lognormal,0.009,0.4,,lognormal,0.0151,0.32,,,,,
B.10.52.011,0,Peak Interstory Drift Ratio,unitless,0,1,lognormal,0.0036,0.59,,lognormal,0.0059,0.51,,,,,,,,,
B.10.52.012,0,Peak Interstory Drift Ratio,unitless,0,1,lognormal,0.0036,0.59,,lognormal,0.0059,0.51,,,,,,,,,
B.10.52.013,0,Peak Interstory Drift Ratio,unitless,0,1,lognormal,0.0031,0.47,,lognormal,0.009,0.4,,lognormal,0.0151,0.32,,,,,
B.10.52.014,0,Peak Interstory Drift Ratio,unitless,0,1,lognormal,0.0031,0.47,,lognormal,0.009,0.4,,lognormal,0.0151,0.32,,,,,
B.10.61.001a,0,Peak Interstory Drift Ratio,unitless,0,1,lognormal,0.004,0.4,,lognormal,0.0226,0.3,,lognormal,0.0267,0.25,,,,,
B.10.61.001b,0,Peak Interstory Drift Ratio,unitless,0,1,lognormal,0.004,0.4,,lognormal,0.0226,0.3,,lognormal,0.0267,0.25,,,,,
B.10.61.011a,0,Peak Interstory Drift Ratio,unitless,0,1,lognormal,0.0139,0.25,,lognormal,0.0179,0.25,,,,,,,,,
B.10.61.011b,0,Peak Interstory Drift Ratio,unitless,0,1,lognormal,0.0139,0.25,,lognormal,0.0179,0.25,,,,,,,,,
B.10.61.021a,0,Peak Interstory Drift Ratio,unitless,0,1,lognormal,0.019,0.25,,lognormal,0.0253,0.25,,,,,,,,,
B.10.61.021b,0,Peak Interstory Drift Ratio,unitless,0,1,lognormal,0.019,0.25,,lognormal,0.0253,0.25,,,,,,,,,
B.10.71.001,0,Peak Interstory Drift Ratio,unitless,0,1,lognormal,0.01,0.4,,lognormal,0.0175,0.4,,lognormal,0.025,0.4,,,,,
B.10.71.002,0,Peak Interstory Drift Ratio,unitless,0,1,lognormal,0.015,0.4,,lognormal,0.0262,0.19,,lognormal,0.0369,0.2,,,,,
B.10.71.011,0,Peak Interstory Drift Ratio,unitless,0,1,lognormal,0.0017,0.5,,lognormal,0.0035,0.4,,lognormal,0.017,0.4,,,,,
B.10.71.012,0,Peak Interstory Drift Ratio,unitless,0,1,lognormal,0.0025,0.44,,lognormal,0.0052,0.3,,lognormal,0.0252,0.16,,,,,
B.10.71.031,0,Peak Interstory Drift Ratio,unitless,0,1,lognormal,0.01,0.4,,,,,,,,,,,,,
B.10.71.041,0,Peak Interstory Drift Ratio,unitless,0,1,lognormal,0.0021,0.6,,lognormal,0.0071,0.45,,lognormal,0.012,0.45,,,,,
B.20.11.001a,0,Peak Interstory Drift Ratio,unitless,0,1,lognormal,0.004,0.4,,lognormal,0.0226,0.3,,lognormal,0.0267,0.25,,,,,
B.20.11.001b,0,Peak Interstory Drift Ratio,unitless,0,1,lognormal,0.004,0.4,,lognormal,0.0226,0.3,,lognormal,0.0267,0.25,,,,,
B.20.11.011a,0,Peak Interstory Drift Ratio,unitless,0,1,lognormal,0.0139,0.25,,lognormal,0.0179,0.25,,,,,,,,,
B.20.11.011b,0,Peak Interstory Drift Ratio,unitless,0,1,lognormal,0.0139,0.25,,lognormal,0.0179,0.25,,,,,,,,,
B.20.11.021a,0,Peak Interstory Drift Ratio,unitless,0,1,lognormal,0.019,0.25,,lognormal,0.0253,0.25,,,,,,,,,
B.20.11.021b,0,Peak Interstory Drift Ratio,unitless,0,1,lognormal,0.019,0.25,,lognormal,0.0253,0.25,,,,,,,,,
B.20.11.101,0,Peak Interstory Drift Ratio,unitless,0,1,lognormal,0.01,0.4,,lognormal,0.0175,0.4,,lognormal,0.025,0.4,,,,,
B.20.11.102,0,Peak Interstory Drift Ratio,unitless,0,1,lognormal,0.0025,0.44,,lognormal,0.0052,0.3,,lognormal,0.0252,0.16,,,,,
B.20.11.111,0,Peak Interstory Drift Ratio,unitless,0,1,lognormal,0.0017,0.5,,lognormal,0.0035,0.4,,lognormal,0.017,0.4,,,,,
B.20.11.121,0,Peak Interstory Drift Ratio,unitless,0,1,lognormal,0.015,0.4,,lognormal,0.0262,0.19,,lognormal,0.0369,0.2,,,,,
B.20.11.131,0,Peak Interstory Drift Ratio,unitless,0,1,lognormal,0.01,0.4,,,,,,,,,,,,,
B.20.11.201a,1,Peak Interstory Drift Ratio,unitless,0,1,lognormal,,,0.500000 | 0.500000,,,,,,,,,,,,
B.20.11.201b,1,Peak Floor Acceleration,g,0,0,lognormal,,,,,,,,,,,,,,,
B.20.22.001,0,Peak Interstory Drift Ratio,unitless,0,1,lognormal,0.0338,0.4,,lognormal,0.0383,0.4,,,,,,,,,
B.20.22.002,0,Peak Interstory Drift Ratio,unitless,0,1,lognormal,0.021,0.45,,lognormal,0.024,0.45,,,,,,,,,
B.20.22.011,0,Peak Interstory Drift Ratio,unitless,0,1,lognormal,0.026,0.25,,lognormal,0.0268,0.25,,lognormal,0.0339,0.25,,,,,
B.20.22.021,0,Peak Interstory Drift Ratio,unitless,0,1,lognormal,0.0156,0.35,,lognormal,0.0561,0.3,,,,,,,,,
B.20.22.022,0,Peak Interstory Drift Ratio,unitless,0,1,lognormal,0.0392,0.29,,lognormal,0.0434,0.25,,,,,,,,,
B.20.22.023,0,Peak Interstory Drift Ratio,unitless,0,1,lognormal,0.0347,0.26,,lognormal,0.04,0.6,,,,,,,,,
B.20.22.031,0,Peak Interstory Drift Ratio,unitless,0,1,lognormal,0.0138,0.25,,lognormal,0.0219,0.3,,,,,,,,,
B.20.22.032,0,Peak Interstory Drift Ratio,unitless,0,1,lognormal,0.0088,0.25,,lognormal,0.0108,0.25,,,,,,,,,
B.20.22.033,0,Peak Interstory Drift Ratio,unitless,0,1,lognormal,0.0084,0.25,,lognormal,0.0107,0.35,,,,,,,,,
B.20.22.034,0,Peak Interstory Drift Ratio,unitless,0,1,lognormal,0.0147,0.25,,lognormal,0.0164,0.25,,,,,,,,,
B.20.22.035,0,Peak Interstory Drift Ratio,unitless,0,1,lognormal,0.0181,0.25,,lognormal,0.0212,0.25,,,,,,,,,
B.20.22.036,0,Peak Interstory Drift Ratio,unitless,0,1,lognormal,0.022,0.3,,lognormal,0.0257,0.25,,,,,,,,,
B.20.22.037,0,Peak Interstory Drift Ratio,unitless,0,1,lognormal,0.0288,0.26,,lognormal,0.04,0.6,,,,,,,,,
B.20.22.038,0,Peak Interstory Drift Ratio,unitless,0,1,lognormal,0.0273,0.28,,lognormal,0.0286,0.28,,,,,,,,,
B.20.22.039,0,Peak Interstory Drift Ratio,unitless,0,1,lognormal,0.027,0.26,,lognormal,0.029,0.26,,,,,,,,,
B.20.22.040,0,Peak Interstory Drift Ratio,unitless,0,1,lognormal,0.02,0.26,,lognormal,0.023,0.28,,,,,,,,,
B.20.22.041,0,Peak Interstory Drift Ratio,unitless,0,1,lognormal,0.024,0.25,,lognormal,0.027,0.32,,,,,,,,,
B.20.22.051,0,Peak Interstory Drift Ratio,unitless,0,1,lognormal,0.043,0.25,,lognormal,0.05,0.25,,,,,,,,,
B.20.22.052,0,Peak Interstory Drift Ratio,unitless,0,1,lognormal,0.042,0.3,,lognormal,0.052,0.3,,,,,,,,,
B.20.22.053,0,Peak Interstory Drift Ratio,unitless,0,1,lognormal,0.029,0.3,,lognormal,0.039,0.3,,,,,,,,,
B.20.22.054,0,Peak Interstory Drift Ratio,unitless,0,1,lognormal,0.033,0.25,,lognormal,0.043,0.25,,,,,,,,,
B.20.22.061,0,Peak Interstory Drift Ratio,unitless,0,1,lognormal,0.024,0.29,,lognormal,0.025,0.29,,,,,,,,,
B.20.22.071,0,Peak Interstory Drift Ratio,unitless,0,1,lognormal,0.027,0.3,,lognormal,0.0276,0.3,,lognormal,0.0303,0.3,,,,,
B.20.22.072,0,Peak Interstory Drift Ratio,unitless,0,1,lognormal,0.0262,0.3,,lognormal,0.0266,0.3,,lognormal,0.0299,0.3,,,,,
B.20.22.081,0,Peak Interstory Drift Ratio,unitless,0,1,lognormal,0.0234,0.3,,lognormal,0.031,0.3,,,,,,,,,
B.20.22.082,0,Peak Interstory Drift Ratio,unitless,0,1,lognormal,0.0142,0.25,,lognormal,0.0221,0.25,,,,,,,,,
B.20.22.083,0,Peak Interstory Drift Ratio,unitless,0,1,lognormal,0.026,0.11,,lognormal,0.051,0.25,,lognormal,0.054,0.25,,,,,
B.20.22.084,0,Peak Interstory Drift Ratio,unitless,0,1,lognormal,0.026,0.11,,lognormal,0.051,0.25,,lognormal,0.054,0.25,,,,,
B.20.22.091,0,Peak Interstory Drift Ratio,unitless,0,1,lognormal,0.026,0.11,,lognormal,0.031,0.25,,lognormal,0.032,0.25,,,,,
B.20.22.101,0,Peak Interstory Drift Ratio,unitless,0,1,lognormal,0.026,0.3,,lognormal,0.027,0.3,,lognormal,0.028,0.3,,,,,
B.20.22.201,0,Peak Interstory Drift Ratio,unitless,0,1,lognormal,0.026,0.45,,lognormal,0.05,0.25,,lognormal,0.1,0.25,,,,,
B.20.23.001,0,Peak Interstory Drift Ratio,unitless,0,1,lognormal,0.029,0.5,,lognormal,0.0473,0.25,,lognormal,0.07,0.25,,,,,
B.20.23.002,0,Peak Interstory Drift Ratio,unitless,0,1,lognormal,0.0423,0.3,,lognormal,0.059,0.25,,lognormal,0.0665,0.35,,,,,
B.20.23.011,0,Peak Interstory Drift Ratio,unitless,0,1,lognormal,0.029,0.5,,lognormal,0.0567,0.3,,lognormal,0.08,0.3,,,,,
B.20.23.021,0,Peak Interstory Drift Ratio,unitless,0,1,lognormal,0.0303,0.5,,lognormal,0.0413,0.3,,lognormal,0.051,0.3,,,,,
B.20.23.031,0,Peak Interstory Drift Ratio,unitless,0,1,lognormal,0.03,1.0,,lognormal,0.052,0.4,,,,,,,,,
B.20.23.032,0,Peak Interstory Drift Ratio,unitless,0,1,lognormal,0.042,0.55,,lognormal,0.05,1.0,,,,,,,,,
B.20.23.033,0,Peak Interstory Drift Ratio,unitless,0,1,lognormal,0.03,1.0,,lognormal,0.05,0.4,,,,,,,,,
B.20.23.034,0,Peak Interstory Drift Ratio,unitless,0,1,lognormal,0.036,0.75,,lognormal,0.05,1.0,,,,,,,,,
B.20.23.041,0,Peak Interstory Drift Ratio,unitless,0,1,lognormal,0.0423,0.3,,lognormal,0.059,0.25,,lognormal,0.0665,0.25,,,,,
B.20.23.051,0,Peak Interstory Drift Ratio,unitless,0,1,lognormal,0.05,0.29,,lognormal,0.16,1.0,,,,,,,,,
B.20.23.052,0,Peak Interstory Drift Ratio,unitless,0,1,lognormal,0.054,0.28,,lognormal,0.16,1.0,,,,,,,,,
B.20.23.053,0,Peak Interstory Drift Ratio,unitless,0,1,lognormal,0.05,0.28,,lognormal,0.16,1.0,,,,,,,,,
B.20.23.054,0,Peak Interstory Drift Ratio,unitless,0,1,lognormal,0.1,0.32,,lognormal,0.11,0.32,,,,,,,,,
B.20.23.055,0,Peak Interstory Drift Ratio,unitless,0,1,lognormal,0.055,0.29,,lognormal,0.1,0.32,,,,,,,,,
B.20.23.056,0,Peak Interstory Drift Ratio,unitless,0,1,lognormal,0.055,0.32,,lognormal,0.1,0.32,,,,,,,,,
B.20.23.057,0,Peak Interstory Drift Ratio,unitless,0,1,lognormal,0.055,0.32,,lognormal,0.1,0.32,,,,,,,,,
B.20.23.058,0,Peak Interstory Drift Ratio,unitless,0,1,lognormal,0.09,1.0,,lognormal,0.1,0.32,,,,,,,,,
B.30.11.011,0,Peak Floor Acceleration,g,0,0,lognormal,1.1,0.4,,lognormal,1.4,0.4,,,,,,,,,
B.30.11.012,0,Peak Floor Acceleration,g,0,0,lognormal,1.4,0.3,,lognormal,1.7,0.3,,,,,,,,,
B.30.11.013,0,Peak Floor Acceleration,g,0,0,lognormal,0.5,0.4,,lognormal,0.7,0.4,,,,,,,,,
B.30.11.014,0,Peak Floor Acceleration,g,0,0,lognormal,0.4,0.3,,lognormal,0.5,0.3,,,,,,,,,
B.30.31.001a,0,Peak Floor Acceleration,g,0,0,lognormal,0.35,0.6,,lognormal,0.5,0.6,,,,,,,,,
B.30.31.001b,0,Peak Floor Acceleration,g,0,0,lognormal,0.35,0.6,,lognormal,0.5,0.6,,,,,,,,,
B.30.31.001c,0,Peak Floor Acceleration,g,0,0,lognormal,0.35,0.6,,lognormal,0.5,0.6,,,,,,,,,
B.30.31.002a,0,Peak Floor Acceleration,g,0,0,lognormal,0.35,0.6,,lognormal,0.5,0.6,,,,,,,,,
B.30.31.002b,0,Peak Floor Acceleration,g,0,0,lognormal,0.35,0.6,,lognormal,0.5,0.6,,,,,,,,,
B.30.31.002c,0,Peak Floor Acceleration,g,0,0,lognormal,0.35,0.6,,lognormal,0.5,0.6,,,,,,,,,
B.30.41.001,0,Peak Floor Acceleration,g,0,0,lognormal,0.2,0.6,,lognormal,0.4,0.6,,,,,,,,,
C.10.11.001a,0,Peak Interstory Drift Ratio,unitless,0,1,lognormal,0.005,0.4,,lognormal,0.01,0.3,,lognormal,0.021,0.2,,,,,
C.10.11.001b,0,Peak Interstory Drift Ratio,unitless,0,1,lognormal,0.01,0.3,,lognormal,0.013,0.3,,lognormal,0.018,0.3,,,,,
C.10.11.001c,0,Peak Interstory Drift Ratio,unitless,0,1,lognormal,0.004,0.45,,lognormal,0.011,0.35,,lognormal,0.019,0.25,,,,,
C.10.11.001d,0,Peak Interstory Drift Ratio,unitless,0,1,lognormal,0.0035,0.6,,lognormal,0.0095,0.45,,,,,,,,,
C.10.11.011a,0,Peak Interstory Drift Ratio,unitless,0,1,lognormal,0.0021,0.6,,lognormal,0.0071,0.45,0.800000 | 0.200000,,,,,,,,
C.20.11.001a,1,Peak Interstory Drift Ratio,unitless,0,1,lognormal,,,,lognormal,,,,lognormal,,,,,,,
C.20.11.001b,0,Peak Interstory Drift Ratio,unitless,0,1,lognormal,0.005,0.6,,lognormal,0.017,0.6,,lognormal,0.028,0.45,,,,,
C.20.11.011a,1,Peak Interstory Drift Ratio,unitless,0,1,lognormal,,,,lognormal,,,,lognormal,,,,,,,
C.20.11.011b,0,Peak Interstory Drift Ratio,unitless,0,1,lognormal,0.005,0.6,,lognormal,0.017,0.6,,lognormal,0.028,0.45,,,,,
C.20.11.021a,1,Peak Interstory Drift Ratio,unitless,0,1,lognormal,,,,lognormal,,,,lognormal,,,,,,,
C.20.11.021b,1,Peak Interstory Drift Ratio,unitless,0,1,lognormal,,,,lognormal,,,,lognormal,,,,,,,
C.20.11.021c,1,Peak Interstory Drift Ratio,unitless,0,1,lognormal,,,,lognormal,,,,lognormal,,,,,,,
C.20.11.021d,1,Peak Interstory Drift Ratio,unitless,0,1,lognormal,,,,lognormal,,,,lognormal,,,,,,,
C.20.11.031a,1,Peak Interstory Drift Ratio,unitless,0,1,lognormal,,,,lognormal,,,,lognormal,,,,,,,
C.20.11.031b,0,Peak Interstory Drift Ratio,unitless,0,1,lognormal,0.005,0.6,,lognormal,0.017,0.6,,lognormal,0.028,0.45,,,,,
C.30.11.001a,0,Peak Interstory Drift Ratio,unitless,0,1,lognormal,0.0021,0.6,,,,,,,,,,,,,
C.30.11.001b,0,Peak Interstory Drift Ratio,unitless,0,1,lognormal,0.0064,0.3,,,,,,,,,,,,,
C.30.11.001c,0,Peak Interstory Drift Ratio,unitless,0,1,lognormal,0.002,0.7,,,,,,,,,,,,,
C.30.11.001d,0,Peak Interstory Drift Ratio,unitless,0,1,lognormal,0.0035,0.7,,,,,,,,,,,,,
C.30.11.002a,0,Peak Interstory Drift Ratio,unitless,0,1,lognormal,0.0021,0.6,,lognormal,0.0071,0.45,,,,,,,,,
C.30.11.002b,0,Peak Interstory Drift Ratio,unitless,0,1,lognormal,0.0064,0.3,,lognormal,0.011,0.3,,,,,,,,,
C.30.11.002c,0,Peak Interstory Drift Ratio,unitless,0,1,lognormal,0.002,0.7,,lognormal,0.005,0.4,,,,,,,,,
C.30.11.002d,0,Peak Interstory Drift Ratio,unitless,0,1,lognormal,0.0035,0.7,,lognormal,0.0093,0.45,,,,,,,,,
C.30.11.003a,0,Peak Interstory Drift Ratio,unitless,0,1,lognormal,0.0021,0.6,,lognormal,0.0071,0.45,,,,,,,,,
C.30.11.003b,0,Peak Interstory Drift Ratio,unitless,0,1,lognormal,0.0064,0.3,,lognormal,0.011,0.3,,,,,,,,,
C.30.11.003c,0,Peak Interstory Drift Ratio,unitless,0,1,lognormal,0.002,0.7,,lognormal,0.005,0.4,,,,,,,,,
C.30.11.003d,0,Peak Interstory Drift Ratio,unitless,0,1,lognormal,0.0035,0.7,,lognormal,0.0093,0.45,,,,,,,,,
C.30.21.001a,1,Peak Floor Acceleration,g,1,0,lognormal,,,,,,,,,,,,,,,
C.30.21.001b,1,Peak Floor Acceleration,g,1,0,lognormal,,,,,,,,,,,,,,,
C.30.21.001c,1,Peak Floor Acceleration,g,1,0,lognormal,,,,,,,,,,,,,,,
C.30.21.001d,1,Peak Floor Acceleration,g,1,0,lognormal,,,,,,,,,,,,,,,
C.30.21.001e,1,Peak Floor Acceleration,g,1,0,lognormal,,,,,,,,,,,,,,,
C.30.21.001f,1,Peak Floor Acceleration,g,1,0,lognormal,,,,,,,,,,,,,,,
C.30.21.001g,1,Peak Floor Acceleration,g,1,0,lognormal,,,,,,,,,,,,,,,
C.30.21.001h,1,Peak Floor Acceleration,g,1,0,lognormal,,,,,,,,,,,,,,,
C.30.21.001i,1,Peak Floor Acceleration,g,1,0,lognormal,,,,,,,,,,,,,,,
C.30.21.001j,1,Peak Floor Acceleration,g,1,0,lognormal,,,,,,,,,,,,,,,
C.30.21.001k,1,Peak Floor Acceleration,g,1,0,lognormal,,,,,,,,,,,,,,,
C.30.21.001l,1,Peak Floor Acceleration,g,1,0,lognormal,,,,,,,,,,,,,,,
C.30.21.001m,1,Peak Floor Acceleration,g,1,0,lognormal,,,,,,,,,,,,,,,
C.30.21.001n,1,Peak Floor Acceleration,g,1,0,lognormal,,,,,,,,,,,,,,,
C.30.21.001o,1,Peak Floor Acceleration,g,1,0,lognormal,,,,,,,,,,,,,,,
C.30.21.001p,1,Peak Floor Acceleration,g,1,0,lognormal,,,,,,,,,,,,,,,
C.30.27.001,0,Peak Floor Acceleration,g,0,0,lognormal,0.5,0.5,,,,,,,,,,,,,
C.30.27.002,0,Peak Floor Acceleration,g,0,0,lognormal,1.5,0.4,,,,,,,,,,,,,
C.30.32.001a,0,Peak Floor Acceleration,g,1,0,lognormal,1.17,0.25,,lognormal,1.58,0.25,,lognormal,1.82,0.25,,,,,
C.30.32.001b,0,Peak Floor Acceleration,g,1,0,lognormal,1.01,0.25,,lognormal,1.45,0.25,,lognormal,1.69,0.25,,,,,
C.30.32.001c,0,Peak Floor Acceleration,g,1,0,lognormal,0.7,0.25,,lognormal,1.2,0.25,,lognormal,1.43,0.25,,,,,
C.30.32.001d,0,Peak Floor Acceleration,g,1,0,lognormal,0.56,0.25,,lognormal,1.08,0.25,,lognormal,1.31,0.25,,,,,
C.30.32.003a,0,Peak Floor Acceleration,g,1,0,lognormal,1.6,0.3,,lognormal,1.95,0.3,,lognormal,2.07,0.3,,,,,
C.30.32.003b,0,Peak Floor Acceleration,g,1,0,lognormal,1.47,0.3,,lognormal,1.88,0.3,,lognormal,2.03,0.3,,,,,
C.30.32.003c,0,Peak Floor Acceleration,g,1,0,lognormal,1.21,0.3,,lognormal,1.75,0.3,,lognormal,1.95,0.3,,,,,
C.30.32.003d,0,Peak Floor Acceleration,g,1,0,lognormal,1.09,0.3,,lognormal,1.69,0.3,,lognormal,1.91,0.3,,,,,
C.30.32.004a,0,Peak Floor Acceleration,g,1,0,lognormal,1.92,0.3,,lognormal,2.34,0.3,,lognormal,2.48,0.3,,,,,
C.30.32.004b,0,Peak Floor Acceleration,g,1,0,lognormal,1.76,0.3,,lognormal,2.26,0.3,,lognormal,2.44,0.3,,,,,
C.30.32.004c,0,Peak Floor Acceleration,g,1,0,lognormal,1.45,0.3,,lognormal,2.1,0.3,,lognormal,2.34,0.3,,,,,
C.30.32.004d,0,Peak Floor Acceleration,g,1,0,lognormal,1.31,0.3,,lognormal,2.03,0.3,,lognormal,2.29,0.3,,,,,
C.30.34.001,0,Peak Floor Acceleration,g,1,0,lognormal,0.6,0.4,,,,,,,,,,,,,
C.30.34.002,0,Peak Floor Acceleration,g,1,0,lognormal,1.5,0.4,,,,,,,,,,,,,
D.10.14.011,0,Peak Floor Acceleration,g,0,0,lognormal,0.39,0.45,0.015126 | 0.161954 | 0.056903 | 0.091484 | 0.032143 | 0.344153 | 0.120919 | 0.008818 | 0.003098 | 0.033171 | 0.011655 | 0.018738 | 0.006583 | 0.070489 | 0.024766,,,,,,,,,,,,
D.10.14.012,0,Peak Floor Acceleration,g,0,0,lognormal,0.31,0.45,0.015126 | 0.161954 | 0.056903 | 0.091484 | 0.032143 | 0.344153 | 0.120919 | 0.008818 | 0.003098 | 0.033171 | 0.011655 | 0.018738 | 0.006583 | 0.070489 | 0.024766,,,,,,,,,,,,
D.10.14.021,0,Peak Floor Acceleration,g,0,0,lognormal,0.5,0.3,0.061757 | 0.138448 | 0.059335 | 0.113220 | 0.048523 | 0.108780 | 0.046620 | 0.084629 | 0.036270 | 0.081311 | 0.034847 | 0.066495 | 0.028498 | 0.063887 | 0.027380,,,,,,,,,,,,
D.10.14.022,0,Peak Floor Acceleration,g,0,0,lognormal,0.3,0.3,0.061757 | 0.138448 | 0.059335 | 0.113220 | 0.048523 | 0.108780 | 0.046620 | 0.084629 | 0.036270 | 0.081311 | 0.034847 | 0.066495 | 0.028498 | 0.063887 | 0.027380,,,,,,,,,,,,
D.20.21.011a,0,Peak Floor Acceleration,g,1,0,lognormal,1.5,0.4,,lognormal,2.6,0.4,,,,,,,,,
D.20.21.011b,0,Peak Floor Acceleration,g,1,0,lognormal,1.5,0.4,,lognormal,2.6,0.4,,,,,,,,,
D.20.21.012a,0,Peak Floor Acceleration,g,1,0,lognormal,1.5,0.4,,lognormal,2.6,0.4,,,,,,,,,
D.20.21.012b,0,Peak Floor Acceleration,g,1,0,lognormal,1.5,0.4,,lognormal,2.6,0.4,,,,,,,,,
D.20.21.013a,0,Peak Floor Acceleration,g,1,0,lognormal,2.25,0.4,,lognormal,4.1,0.4,,,,,,,,,
D.20.21.013b,0,Peak Floor Acceleration,g,1,0,lognormal,1.5,0.4,,,,,,,,,,,,,
D.20.21.014a,0,Peak Floor Acceleration,g,1,0,lognormal,2.25,0.4,,lognormal,4.1,0.4,,,,,,,,,
D.20.21.014b,0,Peak Floor Acceleration,g,1,0,lognormal,1.5,0.4,,,,,,,,,,,,,
D.20.21.021a,0,Peak Floor Acceleration,g,1,0,lognormal,1.5,0.4,,lognormal,2.6,0.4,,,,,,,,,
D.20.21.022a,0,Peak Floor Acceleration,g,1,0,lognormal,1.5,0.4,,lognormal,2.6,0.4,,,,,,,,,
D.20.21.023a,0,Peak Floor Acceleration,g,1,0,lognormal,2.25,0.4,,lognormal,4.1,0.4,,,,,,,,,
D.20.21.023b,0,Peak Floor Acceleration,g,1,0,lognormal,1.5,0.4,,lognormal,2.25,0.4,,,,,,,,,
D.20.21.024a,0,Peak Floor Acceleration,g,1,0,lognormal,2.25,0.4,,lognormal,4.1,0.4,,,,,,,,,
D.20.21.024b,0,Peak Floor Acceleration,g,1,0,lognormal,1.5,0.4,,lognormal,2.25,0.4,,,,,,,,,
D.20.22.011a,1,Peak Floor Acceleration,g,1,0,lognormal,0.55,,,lognormal,1.1,,,,,,,,,,
D.20.22.011b,1,Peak Floor Acceleration,g,1,0,lognormal,1.2,,,lognormal,2.4,,,,,,,,,,
D.20.22.012a,1,Peak Floor Acceleration,g,1,0,lognormal,0.55,,,lognormal,1.1,,,,,,,,,,
D.20.22.012b,1,Peak Floor Acceleration,g,1,0,lognormal,1.2,,,lognormal,2.4,,,,,,,,,,
D.20.22.013a,1,Peak Floor Acceleration,g,1,0,lognormal,0.55,,,lognormal,1.1,,,,,,,,,,
D.20.22.013b,1,Peak Floor Acceleration,g,1,0,lognormal,2.25,,,,,,,,,,,,,,
D.20.22.014a,1,Peak Floor Acceleration,g,1,0,lognormal,0.55,,,lognormal,1.1,,,,,,,,,,
D.20.22.014b,1,Peak Floor Acceleration,g,1,0,lognormal,3.0,,,,,,,,,,,,,,
D.20.22.021a,1,Peak Floor Acceleration,g,1,0,lognormal,1.5,,,lognormal,2.6,,,,,,,,,,
D.20.22.022a,1,Peak Floor Acceleration,g,1,0,lognormal,1.5,,,lognormal,2.6,,,,,,,,,,
D.20.22.023a,1,Peak Floor Acceleration,g,1,0,lognormal,2.25,,,lognormal,4.1,,,,,,,,,,
D.20.22.023b,1,Peak Floor Acceleration,g,1,0,lognormal,1.5,,,lognormal,2.25,,,,,,,,,,
D.20.22.024a,1,Peak Floor Acceleration,g,1,0,lognormal,2.25,,,lognormal,4.1,,,,,,,,,,
D.20.22.024b,1,Peak Floor Acceleration,g,1,0,lognormal,1.5,,,lognormal,2.25,,,,,,,,,,
D.20.31.011b,1,Peak Floor Acceleration,g,1,0,lognormal,1.2,,,lognormal,2.4,,,,,,,,,,
D.20.31.012b,1,Peak Floor Acceleration,g,1,0,lognormal,1.2,,,lognormal,2.4,,,,,,,,,,
D.20.31.013b,1,Peak Floor Acceleration,g,1,0,lognormal,2.25,,,,,,,,,,,,,,
D.20.31.014b,1,Peak Floor Acceleration,g,1,0,lognormal,3.0,,,,,,,,,,,,,,
D.20.31.021a,1,Peak Floor Acceleration,g,1,0,lognormal,2.25,,,,,,,,,,,,,,
D.20.31.021b,1,Peak Floor Acceleration,g,1,0,lognormal,1.2,,,lognormal,2.4,,,,,,,,,,
D.20.31.022a,1,Peak Floor Acceleration,g,1,0,lognormal,1.2,,,,,,,,,,,,,,
D.20.31.022b,1,Peak Floor Acceleration,g,1,0,lognormal,1.2,,,lognormal,2.4,,,,,,,,,,
D.20.31.023a,1,Peak Floor Acceleration,g,1,0,lognormal,3.0,,,,,,,,,,,,,,
D.20.31.023b,1,Peak Floor Acceleration,g,1,0,lognormal,2.25,,,,,,,,,,,,,,
D.20.31.024a,1,Peak Floor Acceleration,g,1,0,lognormal,3.0,,,,,,,,,,,,,,
D.20.31.024b,1,Peak Floor Acceleration,g,1,0,lognormal,2.25,,,,,,,,,,,,,,
D.20.51.011a,1,Peak Floor Acceleration,g,1,0,lognormal,0.55,,,lognormal,1.1,,,,,,,,,,
D.20.51.011b,1,Peak Floor Acceleration,g,1,0,lognormal,1.2,,,lognormal,2.4,,,,,,,,,,
D.20.51.012a,1,Peak Floor Acceleration,g,1,0,lognormal,0.55,,,lognormal,1.1,,,,,,,,,,
D.20.51.012b,1,Peak Floor Acceleration,g,1,0,lognormal,1.2,,,lognormal,2.4,,,,,,,,,,
D.20.51.013a,1,Peak Floor Acceleration,g,1,0,lognormal,0.55,,,lognormal,1.1,,,,,,,,,,
D.20.51.013b,1,Peak Floor Acceleration,g,1,0,lognormal,2.25,,,,,,,,,,,,,,
D.20.51.014a,1,Peak Floor Acceleration,g,1,0,lognormal,0.55,,,lognormal,1.1,,,,,,,,,,
D.20.51.014b,1,Peak Floor Acceleration,g,1,0,lognormal,3.0,,,,,,,,,,,,,,
D.20.51.021a,1,Peak Floor Acceleration,g,1,0,lognormal,1.5,,,lognormal,2.6,,,,,,,,,,
D.20.51.021b,1,Peak Floor Acceleration,g,1,0,lognormal,2.25,,,,,,,,,,,,,,
D.20.51.022a,1,Peak Floor Acceleration,g,1,0,lognormal,1.5,,,lognormal,2.6,,,,,,,,,,
D.20.51.023a,1,Peak Floor Acceleration,g,1,0,lognormal,2.25,,,lognormal,4.1,,,,,,,,,,
D.20.51.023b,1,Peak Floor Acceleration,g,1,0,lognormal,1.5,,,lognormal,2.25,,,,,,,,,,
D.20.51.024a,1,Peak Floor Acceleration,g,1,0,lognormal,2.25,,,lognormal,4.1,,,,,,,,,,
D.20.51.024b,1,Peak Floor Acceleration,g,1,0,lognormal,1.5,,,lognormal,2.25,,,,,,,,,,
D.20.61.011a,1,Peak Floor Acceleration,g,1,0,lognormal,0.55,,,lognormal,1.1,,,,,,,,,,
D.20.61.011b,1,Peak Floor Acceleration,g,1,0,lognormal,1.2,,,lognormal,2.4,,,,,,,,,,
D.20.61.012a,1,Peak Floor Acceleration,g,1,0,lognormal,0.55,,,lognormal,1.1,,,,,,,,,,
D.20.61.012b,1,Peak Floor Acceleration,g,1,0,lognormal,1.2,,,lognormal,2.4,,,,,,,,,,
D.20.61.013a,1,Peak Floor Acceleration,g,1,0,lognormal,0.55,,,lognormal,1.1,,,,,,,,,,
D.20.61.013b,1,Peak Floor Acceleration,g,1,0,lognormal,2.25,,,,,,,,,,,,,,
D.20.61.014a,1,Peak Floor Acceleration,g,1,0,lognormal,0.55,,,lognormal,1.1,,,,,,,,,,
D.20.61.014b,1,Peak Floor Acceleration,g,1,0,lognormal,3.0,,,,,,,,,,,,,,
D.20.61.021a,1,Peak Floor Acceleration,g,1,0,lognormal,1.5,,,lognormal,2.6,,,,,,,,,,
D.20.61.022a,1,Peak Floor Acceleration,g,1,0,lognormal,1.5,,,lognormal,2.6,,,,,,,,,,
D.20.61.023a,0,Peak Floor Acceleration,g,1,0,lognormal,2.25,0.4,,lognormal,4.1,0.4,,,,,,,,,
D.20.61.023b,0,Peak Floor Acceleration,g,1,0,lognormal,1.5,0.4,,lognormal,2.25,0.4,,,,,,,,,
D.20.61.024a,0,Peak Floor Acceleration,g,1,0,lognormal,2.25,0.4,,lognormal,4.1,0.4,,,,,,,,,
D.20.61.024b,0,Peak Floor Acceleration,g,1,0,lognormal,1.5,0.4,,lognormal,2.25,0.4,,,,,,,,,
D.30.31.011a,0,Peak Floor Acceleration,g,0,0,lognormal,0.2,0.4,,,,,,,,,,,,,
D.30.31.011b,0,Peak Floor Acceleration,g,0,0,lognormal,0.2,0.4,,,,,,,,,,,,,
D.30.31.011c,0,Peak Floor Acceleration,g,0,0,lognormal,0.2,0.4,,,,,,,,,,,,,
D.30.31.011d,0,Peak Floor Acceleration,g,0,0,lognormal,0.2,0.4,,,,,,,,,,,,,
D.30.31.012a,1,Peak Floor Acceleration,g,0,0,lognormal,,,0.700000 | 0.300000,,,,,,,,,,,,
D.30.31.012b,0,Peak Floor Acceleration,g,0,0,lognormal,0.43,0.6,,,,,,,,,,,,,
D.30.31.012c,1,Peak Floor Acceleration,g,0,0,lognormal,,,0.350000 | 0.150000 | 0.500000,,,,,,,,,,,,
D.30.31.012d,1,Peak Floor Acceleration,g,0,0,lognormal,,,0.700000 | 0.300000,,,,,,,,,,,,
D.30.31.012e,0,Peak Floor Acceleration,g,0,0,lognormal,0.43,0.6,,,,,,,,,,,,,
D.30.31.012f,1,Peak Floor Acceleration,g,0,0,lognormal,,,0.350000 | 0.150000 | 0.500000,,,,,,,,,,,,
D.30.31.012g,1,Peak Floor Acceleration,g,0,0,lognormal,,,0.700000 | 0.300000,,,,,,,,,,,,
D.30.31.012h,0,Peak Floor Acceleration,g,0,0,lognormal,0.43,0.6,,,,,,,,,,,,,
D.30.31.012i,1,Peak Floor Acceleration,g,0,0,lognormal,,,0.350000 | 0.150000 | 0.500000,,,,,,,,,,,,
D.30.31.012j,1,Peak Floor Acceleration,g,0,0,lognormal,,,0.700000 | 0.300000,,,,,,,,,,,,
D.30.31.012k,0,Peak Floor Acceleration,g,0,0,lognormal,0.43,0.6,,,,,,,,,,,,,
D.30.31.012l,1,Peak Floor Acceleration,g,0,0,lognormal,,,0.350000 | 0.150000 | 0.500000,,,,,,,,,,,,
D.30.31.013a,1,Peak Floor Acceleration,g,0,0,lognormal,,,0.700000 | 0.300000,,,,,,,,,,,,
D.30.31.013b,0,Peak Floor Acceleration,g,0,0,lognormal,0.72,0.2,,,,,,,,,,,,,
D.30.31.013c,1,Peak Floor Acceleration,g,0,0,lognormal,,,0.350000 | 0.150000 | 0.500000,,,,,,,,,,,,
D.30.31.013d,1,Peak Floor Acceleration,g,0,0,lognormal,,,0.700000 | 0.300000,,,,,,,,,,,,
D.30.31.013e,0,Peak Floor Acceleration,g,0,0,lognormal,0.72,0.2,,,,,,,,,,,,,
D.30.31.013f,1,Peak Floor Acceleration,g,0,0,lognormal,,,0.350000 | 0.150000 | 0.500000,,,,,,,,,,,,
D.30.31.013g,1,Peak Floor Acceleration,g,0,0,lognormal,,,0.700000 | 0.300000,,,,,,,,,,,,
D.30.31.013h,0,Peak Floor Acceleration,g,0,0,lognormal,0.72,0.2,,,,,,,,,,,,,
D.30.31.013i,1,Peak Floor Acceleration,g,0,0,lognormal,,,0.350000 | 0.150000 | 0.500000,,,,,,,,,,,,
D.30.31.013j,1,Peak Floor Acceleration,g,0,0,lognormal,,,0.700000 | 0.300000,,,,,,,,,,,,
D.30.31.013k,0,Peak Floor Acceleration,g,0,0,lognormal,0.72,0.2,,,,,,,,,,,,,
D.30.31.013l,1,Peak Floor Acceleration,g,0,0,lognormal,,,0.350000 | 0.150000 | 0.500000,,,,,,,,,,,,
D.30.31.021a,0,Peak Floor Acceleration,g,0,0,lognormal,0.5,0.4,,,,,,,,,,,,,
D.30.31.021b,0,Peak Floor Acceleration,g,0,0,lognormal,0.5,0.4,,,,,,,,,,,,,
D.30.31.021c,0,Peak Floor Acceleration,g,0,0,lognormal,0.5,0.4,,,,,,,,,,,,,
D.30.31.021d,0,Peak Floor Acceleration,g,0,0,lognormal,0.5,0.4,,,,,,,,,,,,,
D.30.31.022a,1,Peak Floor Acceleration,g,0,0,lognormal,,,0.700000 | 0.300000,,,,,,,,,,,,
D.30.31.022b,0,Peak Floor Acceleration,g,0,0,lognormal,0.97,0.6,,,,,,,,,,,,,
D.30.31.022c,1,Peak Floor Acceleration,g,0,0,lognormal,,,0.350000 | 0.150000 | 0.500000,,,,,,,,,,,,
D.30.31.022d,1,Peak Floor Acceleration,g,0,0,lognormal,,,0.700000 | 0.300000,,,,,,,,,,,,
D.30.31.022e,0,Peak Floor Acceleration,g,0,0,lognormal,0.97,0.6,,,,,,,,,,,,,
D.30.31.022f,1,Peak Floor Acceleration,g,0,0,lognormal,,,0.350000 | 0.150000 | 0.500000,,,,,,,,,,,,
D.30.31.022g,1,Peak Floor Acceleration,g,0,0,lognormal,,,0.700000 | 0.300000,,,,,,,,,,,,
D.30.31.022h,0,Peak Floor Acceleration,g,0,0,lognormal,0.97,0.6,,,,,,,,,,,,,
D.30.31.022i,1,Peak Floor Acceleration,g,0,0,lognormal,,,0.350000 | 0.150000 | 0.500000,,,,,,,,,,,,
D.30.31.022j,1,Peak Floor Acceleration,g,0,0,lognormal,,,0.700000 | 0.300000,,,,,,,,,,,,
D.30.31.022k,0,Peak Floor Acceleration,g,0,0,lognormal,0.97,0.6,,,,,,,,,,,,,
D.30.31.022l,1,Peak Floor Acceleration,g,0,0,lognormal,,,0.350000 | 0.150000 | 0.500000,,,,,,,,,,,,
D.30.31.023a,1,Peak Floor Acceleration,g,0,0,lognormal,,,0.700000 | 0.300000,,,,,,,,,,,,
D.30.31.023b,0,Peak Floor Acceleration,g,0,0,lognormal,1.52,0.4,,,,,,,,,,,,,
D.30.31.023c,1,Peak Floor Acceleration,g,0,0,lognormal,,,0.350000 | 0.150000 | 0.500000,,,,,,,,,,,,
D.30.31.023d,1,Peak Floor Acceleration,g,0,0,lognormal,,,0.700000 | 0.300000,,,,,,,,,,,,
D.30.31.023e,0,Peak Floor Acceleration,g,0,0,lognormal,1.52,0.4,,,,,,,,,,,,,
D.30.31.023f,1,Peak Floor Acceleration,g,0,0,lognormal,,,0.350000 | 0.150000 | 0.500000,,,,,,,,,,,,
D.30.31.023g,1,Peak Floor Acceleration,g,0,0,lognormal,,,0.700000 | 0.300000,,,,,,,,,,,,
D.30.31.023h,0,Peak Floor Acceleration,g,0,0,lognormal,1.52,0.4,,,,,,,,,,,,,
D.30.31.023i,1,Peak Floor Acceleration,g,0,0,lognormal,,,0.350000 | 0.150000 | 0.500000,,,,,,,,,,,,
D.30.31.023j,1,Peak Floor Acceleration,g,0,0,lognormal,,,0.700000 | 0.300000,,,,,,,,,,,,
D.30.31.023k,0,Peak Floor Acceleration,g,0,0,lognormal,1.52,0.4,,,,,,,,,,,,,
D.30.31.023l,1,Peak Floor Acceleration,g,0,0,lognormal,,,0.350000 | 0.150000 | 0.500000,,,,,,,,,,,,
D.30.32.011a,0,Peak Floor Acceleration,g,0,0,lognormal,0.25,0.45,0.500000 | 0.500000,,,,,,,,,,,,
D.30.32.011b,0,Peak Floor Acceleration,g,0,0,lognormal,0.25,0.45,0.500000 | 0.500000,,,,,,,,,,,,
D.30.32.011c,0,Peak Floor Acceleration,g,0,0,lognormal,0.25,0.45,0.500000 | 0.500000,,,,,,,,,,,,
D.30.32.011d,0,Peak Floor Acceleration,g,0,0,lognormal,0.25,0.45,0.500000 | 0.500000,,,,,,,,,,,,
D.30.32.012a,1,Peak Floor Acceleration,g,0,0,lognormal,,,0.700000 | 0.300000,,,,,,,,,,,,
D.30.32.012b,0,Peak Floor Acceleration,g,0,0,lognormal,0.47,0.2,0.500000 | 0.500000,,,,,,,,,,,,
D.30.32.012c,1,Peak Floor Acceleration,g,0,0,lognormal,,,0.350000 | 0.150000 | 0.250000 | 0.250000,,,,,,,,,,,,
D.30.32.012d,1,Peak Floor Acceleration,g,0,0,lognormal,,,0.700000 | 0.300000,,,,,,,,,,,,
D.30.32.012e,0,Peak Floor Acceleration,g,0,0,lognormal,0.47,0.2,0.500000 | 0.500000,,,,,,,,,,,,
D.30.32.012f,1,Peak Floor Acceleration,g,0,0,lognormal,,,0.350000 | 0.150000 | 0.250000 | 0.250000,,,,,,,,,,,,
D.30.32.012g,1,Peak Floor Acceleration,g,0,0,lognormal,,,0.700000 | 0.300000,,,,,,,,,,,,
D.30.32.012h,0,Peak Floor Acceleration,g,0,0,lognormal,0.47,0.2,0.500000 | 0.500000,,,,,,,,,,,,
D.30.32.012i,1,Peak Floor Acceleration,g,0,0,lognormal,,,0.350000 | 0.150000 | 0.250000 | 0.250000,,,,,,,,,,,,
D.30.32.012j,1,Peak Floor Acceleration,g,0,0,lognormal,,,0.700000 | 0.300000,,,,,,,,,,,,
D.30.32.012k,0,Peak Floor Acceleration,g,0,0,lognormal,0.47,0.2,0.500000 | 0.500000,,,,,,,,,,,,
D.30.32.012l,1,Peak Floor Acceleration,g,0,0,lognormal,,,0.350000 | 0.150000 | 0.250000 | 0.250000,,,,,,,,,,,,
D.30.32.013a,1,Peak Floor Acceleration,g,0,0,lognormal,,,0.700000 | 0.300000,,,,,,,,,,,,
D.30.32.013b,0,Peak Floor Acceleration,g,0,0,lognormal,1.84,0.6,0.500000 | 0.500000,,,,,,,,,,,,
D.30.32.013c,1,Peak Floor Acceleration,g,0,0,lognormal,,,0.350000 | 0.150000 | 0.250000 | 0.250000,,,,,,,,,,,,
D.30.32.013d,1,Peak Floor Acceleration,g,0,0,lognormal,,,0.700000 | 0.300000,,,,,,,,,,,,
D.30.32.013e,0,Peak Floor Acceleration,g,0,0,lognormal,1.84,0.6,0.500000 | 0.500000,,,,,,,,,,,,
D.30.32.013f,1,Peak Floor Acceleration,g,0,0,lognormal,,,0.350000 | 0.150000 | 0.250000 | 0.250000,,,,,,,,,,,,
D.30.32.013g,1,Peak Floor Acceleration,g,0,0,lognormal,,,0.700000 | 0.300000,,,,,,,,,,,,
D.30.32.013h,0,Peak Floor Acceleration,g,0,0,lognormal,1.84,0.6,0.500000 | 0.500000,,,,,,,,,,,,
D.30.32.013i,1,Peak Floor Acceleration,g,0,0,lognormal,,,0.350000 | 0.150000 | 0.250000 | 0.250000,,,,,,,,,,,,
D.30.32.013j,1,Peak Floor Acceleration,g,0,0,lognormal,,,0.700000 | 0.300000,,,,,,,,,,,,
D.30.32.013k,0,Peak Floor Acceleration,g,0,0,lognormal,1.84,0.6,0.500000 | 0.500000,,,,,,,,,,,,
D.30.32.013l,1,Peak Floor Acceleration,g,0,0,lognormal,,,0.350000 | 0.150000 | 0.250000 | 0.250000,,,,,,,,,,,,
D.30.41.001a,0,Peak Floor Acceleration,g,1,0,lognormal,1.92,0.5,,lognormal,2.4,0.5,,,,,,,,,
D.30.41.001b,0,Peak Floor Acceleration,g,1,0,lognormal,1.92,0.5,,lognormal,2.4,0.5,,,,,,,,,
D.30.41.001c,0,Peak Floor Acceleration,g,1,0,lognormal,2.25,0.4,,lognormal,2.6,0.4,,,,,,,,,
D.30.41.001d,0,Peak Floor Acceleration,g,1,0,lognormal,2.25,0.4,,lognormal,2.6,0.4,,,,,,,,,
D.30.41.002a,0,Peak Floor Acceleration,g,1,0,lognormal,1.9,0.4,,,,,,,,,,,,,
D.30.41.002b,0,Peak Floor Acceleration,g,1,0,lognormal,1.9,0.4,,,,,,,,,,,,,
D.30.41.002c,0,Peak Floor Acceleration,g,1,0,lognormal,2.25,0.4,,,,,,,,,,,,,
D.30.41.002d,0,Peak Floor Acceleration,g,1,0,lognormal,2.25,0.4,,,,,,,,,,,,,
D.30.41.011a,0,Peak Floor Acceleration,g,1,0,lognormal,1.5,0.4,,lognormal,2.25,0.4,,,,,,,,,
D.30.41.011b,0,Peak Floor Acceleration,g,1,0,lognormal,1.5,0.4,,lognormal,2.25,0.4,,,,,,,,,
D.30.41.011c,0,Peak Floor Acceleration,g,1,0,lognormal,1.5,0.4,,lognormal,2.25,0.4,,,,,,,,,
D.30.41.011d,0,Peak Floor Acceleration,g,1,0,lognormal,1.5,0.4,,lognormal,2.25,0.4,,,,,,,,,
D.30.41.012a,0,Peak Floor Acceleration,g,1,0,lognormal,1.5,0.4,,lognormal,2.25,0.4,,,,,,,,,
D.30.41.012b,0,Peak Floor Acceleration,g,1,0,lognormal,1.5,0.4,,lognormal,2.25,0.4,,,,,,,,,
D.30.41.012c,0,Peak Floor Acceleration,g,1,0,lognormal,3.75,0.4,,lognormal,4.5,0.4,,,,,,,,,
D.30.41.012d,0,Peak Floor Acceleration,g,1,0,lognormal,3.75,0.4,,lognormal,4.5,0.4,,,,,,,,,
D.30.41.021a,0,Peak Floor Acceleration,g,1,0,lognormal,1.5,0.4,,lognormal,2.25,0.4,,,,,,,,,
D.30.41.021b,0,Peak Floor Acceleration,g,1,0,lognormal,1.5,0.4,,lognormal,2.25,0.4,,,,,,,,,
D.30.41.021c,0,Peak Floor Acceleration,g,1,0,lognormal,1.5,0.4,,lognormal,2.25,0.4,,,,,,,,,
D.30.41.021d,0,Peak Floor Acceleration,g,1,0,lognormal,1.5,0.4,,lognormal,2.25,0.4,,,,,,,,,
D.30.41.022a,0,Peak Floor Acceleration,g,1,0,lognormal,1.5,0.4,,lognormal,2.25,0.4,,,,,,,,,
D.30.41.022b,0,Peak Floor Acceleration,g,1,0,lognormal,1.5,0.4,,lognormal,2.25,0.4,,,,,,,,,
D.30.41.022c,0,Peak Floor Acceleration,g,1,0,lognormal,3.75,0.4,,lognormal,4.5,0.4,,,,,,,,,
D.30.41.022d,0,Peak Floor Acceleration,g,1,0,lognormal,3.75,0.4,,lognormal,4.5,0.4,,,,,,,,,
D.30.41.031a,0,Peak Floor Acceleration,g,1,0,lognormal,1.3,0.4,,,,,,,,,,,,,
D.30.41.031b,0,Peak Floor Acceleration,g,1,0,lognormal,1.3,0.4,,,,,,,,,,,,,
D.30.41.032a,0,Peak Floor Acceleration,g,1,0,lognormal,1.5,0.4,,,,,,,,,,,,,
D.30.41.032b,0,Peak Floor Acceleration,g,1,0,lognormal,1.5,0.4,,,,,,,,,,,,,
D.30.41.032c,0,Peak Floor Acceleration,g,1,0,lognormal,1.5,0.4,,,,,,,,,,,,,
D.30.41.032d,0,Peak Floor Acceleration,g,1,0,lognormal,1.5,0.4,,,,,,,,,,,,,
D.30.41.041a,0,Peak Floor Acceleration,g,1,0,lognormal,1.9,0.4,,,,,,,,,,,,,
D.30.41.041b,0,Peak Floor Acceleration,g,1,0,lognormal,1.9,0.4,,,,,,,,,,,,,
D.30.41.101a,0,Peak Floor Acceleration,g,0,0,lognormal,0.5,0.4,,,,,,,,,,,,,
D.30.41.102a,1,Peak Floor Acceleration,g,0,0,lognormal,,,0.700000 | 0.300000,,,,,,,,,,,,
D.30.41.102b,0,Peak Floor Acceleration,g,0,0,lognormal,1.0,0.6,,,,,,,,,,,,,
D.30.41.102c,1,Peak Floor Acceleration,g,0,0,lognormal,,,0.350000 | 0.150000 | 0.500000,,,,,,,,,,,,
D.30.41.103a,1,Peak Floor Acceleration,g,0,0,lognormal,,,0.700000 | 0.300000,,,,,,,,,,,,
D.30.41.103b,0,Peak Floor Acceleration,g,0,0,lognormal,4.8,0.6,,,,,,,,,,,,,
D.30.41.103c,1,Peak Floor Acceleration,g,0,0,lognormal,,,0.350000 | 0.150000 | 0.500000,,,,,,,,,,,,
D.30.52.011a,0,Peak Floor Acceleration,g,0,0,lognormal,0.25,0.4,0.670000 | 0.330000,,,,,,,,,,,,
D.30.52.011b,0,Peak Floor Acceleration,g,0,0,lognormal,0.25,0.4,0.670000 | 0.330000,,,,,,,,,,,,
D.30.52.011c,0,Peak Floor Acceleration,g,0,0,lognormal,0.25,0.4,0.670000 | 0.330000,,,,,,,,,,,,
D.30.52.011d,0,Peak Floor Acceleration,g,0,0,lognormal,0.25,0.4,0.670000 | 0.330000,,,,,,,,,,,,
D.30.52.013a,1,Peak Floor Acceleration,g,0,0,lognormal,,,0.700000 | 0.300000,,,,,,,,,,,,
D.30.52.013b,0,Peak Floor Acceleration,g,0,0,lognormal,1.54,0.6,0.670000 | 0.330000,,,,,,,,,,,,
D.30.52.013c,1,Peak Floor Acceleration,g,0,0,lognormal,,,0.350000 | 0.150000 | 0.350000 | 0.150000,,,,,,,,,,,,
D.30.52.013d,1,Peak Floor Acceleration,g,0,0,lognormal,,,0.700000 | 0.300000,,,,,,,,,,,,
D.30.52.013e,0,Peak Floor Acceleration,g,0,0,lognormal,1.54,0.6,0.670000 | 0.330000,,,,,,,,,,,,
D.30.52.013f,1,Peak Floor Acceleration,g,0,0,lognormal,,,0.350000 | 0.150000 | 0.350000 | 0.150000,,,,,,,,,,,,
D.30.52.013g,1,Peak Floor Acceleration,g,0,0,lognormal,,,0.700000 | 0.300000,,,,,,,,,,,,
D.30.52.013h,0,Peak Floor Acceleration,g,0,0,lognormal,1.54,0.6,0.670000 | 0.330000,,,,,,,,,,,,
D.30.52.013i,1,Peak Floor Acceleration,g,0,0,lognormal,,,0.350000 | 0.150000 | 0.350000 | 0.150000,,,,,,,,,,,,
D.30.52.013j,1,Peak Floor Acceleration,g,0,0,lognormal,,,0.700000 | 0.300000,,,,,,,,,,,,
D.30.52.013k,0,Peak Floor Acceleration,g,0,0,lognormal,1.54,0.6,0.670000 | 0.330000,,,,,,,,,,,,
D.30.52.013l,1,Peak Floor Acceleration,g,0,0,lognormal,,,0.350000 | 0.150000 | 0.350000 | 0.150000,,,,,,,,,,,,
D.30.67.011a,0,Peak Floor Acceleration,g,0,0,lognormal,0.69,0.4,,,,,,,,,,,,,
D.30.67.012a,1,Peak Floor Acceleration,g,0,0,lognormal,,,0.700000 | 0.300000,,,,,,,,,,,,
D.30.67.012b,0,Peak Floor Acceleration,g,0,0,lognormal,3.0,0.4,,,,,,,,,,,,,
D.30.67.012c,1,Peak Floor Acceleration,g,0,0,lognormal,,,0.350000 | 0.150000 | 0.500000,,,,,,,,,,,,
D.40.11.021a,0,Peak Floor Acceleration,g,1,0,lognormal,1.1,0.4,,lognormal,2.4,0.5,,,,,,,,,
D.40.11.022a,0,Peak Floor Acceleration,g,1,0,lognormal,1.1,0.4,,lognormal,2.4,0.5,,,,,,,,,
D.40.11.023a,0,Peak Floor Acceleration,g,1,0,lognormal,1.5,0.4,,lognormal,2.6,0.4,,,,,,,,,
D.40.11.024a,0,Peak Floor Acceleration,g,1,0,lognormal,1.9,0.4,,lognormal,3.4,0.4,,,,,,,,,
D.40.11.031a,0,Peak Floor Acceleration,g,1,0,lognormal,0.75,0.4,,lognormal,0.95,0.4,,,,,,,,,
D.40.11.032a,0,Peak Floor Acceleration,g,1,0,lognormal,0.75,0.4,,lognormal,0.95,0.4,,,,,,,,,
D.40.11.033a,0,Peak Floor Acceleration,g,1,0,lognormal,0.95,0.4,,,,,,,,,,,,,
D.40.11.034a,0,Peak Floor Acceleration,g,1,0,lognormal,1.3,0.4,,,,,,,,,,,,,
D.40.11.041a,0,Peak Floor Acceleration,g,1,0,lognormal,0.55,0.4,,lognormal,0.95,0.4,,,,,,,,,
D.40.11.042a,0,Peak Floor Acceleration,g,1,0,lognormal,0.55,0.4,,lognormal,0.95,0.4,,,,,,,,,
D.40.11.053a,0,Peak Floor Acceleration,g,1,0,lognormal,1.5,0.4,,lognormal,2.25,0.4,,,,,,,,,
D.40.11.054a,0,Peak Floor Acceleration,g,1,0,lognormal,1.9,0.4,,lognormal,3.0,0.4,,,,,,,,,
D.40.11.063a,0,Peak Floor Acceleration,g,1,0,lognormal,0.55,0.4,,lognormal,1.3,0.4,,,,,,,,,
D.40.11.064a,0,Peak Floor Acceleration,g,1,0,lognormal,1.1,0.4,,lognormal,2.25,0.4,,,,,,,,,
D.40.11.071a,0,Peak Floor Acceleration,g,1,0,lognormal,1.5,0.4,,lognormal,2.25,0.4,,,,,,,,,
D.40.11.072a,0,Peak Floor Acceleration,g,1,0,lognormal,1.5,0.4,,lognormal,2.25,0.4,,,,,,,,,
D.40.11.073a,0,Peak Floor Acceleration,g,1,0,lognormal,2.6,0.4,,lognormal,3.0,0.4,,,,,,,,,
D.40.11.074a,0,Peak Floor Acceleration,g,1,0,lognormal,3.75,0.4,,lognormal,4.5,0.4,,,,,,,,,
D.50.11.011a,0,Peak Floor Acceleration,g,0,0,lognormal,1.01,0.6,,,,,,,,,,,,,
D.50.11.011b,0,Peak Floor Acceleration,g,0,0,lognormal,1.01,0.6,,,,,,,,,,,,,
D.50.11.011c,0,Peak Floor Acceleration,g,0,0,lognormal,1.01,0.6,,,,,,,,,,,,,
D.50.11.011d,0,Peak Floor Acceleration,g,0,0,lognormal,1.01,0.6,,,,,,,,,,,,,
D.50.11.013a,1,Peak Floor Acceleration,g,0,0,lognormal,,,0.700000 | 0.300000,,,,,,,,,,,,
D.50.11.013b,0,Peak Floor Acceleration,g,0,0,lognormal,3.05,0.5,,,,,,,,,,,,,
D.50.11.013c,1,Peak Floor Acceleration,g,0,0,lognormal,,,0.350000 | 0.150000 | 0.500000,,,,,,,,,,,,
D.50.11.013d,1,Peak Floor Acceleration,g,0,0,lognormal,,,0.700000 | 0.300000,,,,,,,,,,,,
D.50.11.013e,0,Peak Floor Acceleration,g,0,0,lognormal,3.05,0.5,,,,,,,,,,,,,
D.50.11.013f,1,Peak Floor Acceleration,g,0,0,lognormal,,,0.350000 | 0.150000 | 0.500000,,,,,,,,,,,,
D.50.11.013g,1,Peak Floor Acceleration,g,0,0,lognormal,,,0.700000 | 0.300000,,,,,,,,,,,,
D.50.11.013h,0,Peak Floor Acceleration,g,0,0,lognormal,3.05,0.5,,,,,,,,,,,,,
D.50.11.013i,1,Peak Floor Acceleration,g,0,0,lognormal,,,0.350000 | 0.150000 | 0.500000,,,,,,,,,,,,
D.50.11.013j,1,Peak Floor Acceleration,g,0,0,lognormal,,,0.700000 | 0.300000,,,,,,,,,,,,
D.50.11.013k,0,Peak Floor Acceleration,g,0,0,lognormal,3.05,0.5,,,,,,,,,,,,,
D.50.11.013l,1,Peak Floor Acceleration,g,0,0,lognormal,,,0.350000 | 0.150000 | 0.500000,,,,,,,,,,,,
D.50.12.013a,0,Peak Floor Acceleration,g,0,0,lognormal,0.73,0.45,,,,,,,,,,,,,
D.50.12.013b,1,Peak Floor Acceleration,g,0,0,lognormal,,,0.700000 | 0.300000,,,,,,,,,,,,
D.50.12.013c,0,Peak Floor Acceleration,g,0,0,lognormal,2.5,0.4,,,,,,,,,,,,,
D.50.12.013d,1,Peak Floor Acceleration,g,0,0,lognormal,,,0.350000 | 0.150000 | 0.500000,,,,,,,,,,,,
D.50.12.021a,0,Peak Floor Acceleration,g,0,0,lognormal,1.28,0.4,,,,,,,,,,,,,
D.50.12.021b,0,Peak Floor Acceleration,g,0,0,lognormal,1.28,0.4,,,,,,,,,,,,,
D.50.12.021c,0,Peak Floor Acceleration,g,0,0,lognormal,1.28,0.4,,,,,,,,,,,,,
D.50.12.021d,0,Peak Floor Acceleration,g,0,0,lognormal,1.28,0.4,,,,,,,,,,,,,
D.50.12.023a,1,Peak Floor Acceleration,g,0,0,lognormal,,,0.700000 | 0.300000,,,,,,,,,,,,
D.50.12.023b,0,Peak Floor Acceleration,g,0,0,lognormal,2.4,0.4,,,,,,,,,,,,,
D.50.12.023c,1,Peak Floor Acceleration,g,0,0,lognormal,,,0.350000 | 0.150000 | 0.500000,,,,,,,,,,,,
D.50.12.023d,1,Peak Floor Acceleration,g,0,0,lognormal,,,0.700000 | 0.300000,,,,,,,,,,,,
D.50.12.023e,0,Peak Floor Acceleration,g,0,0,lognormal,2.4,0.4,,,,,,,,,,,,,
D.50.12.023f,1,Peak Floor Acceleration,g,0,0,lognormal,,,0.350000 | 0.150000 | 0.500000,,,,,,,,,,,,
D.50.12.023g,1,Peak Floor Acceleration,g,0,0,lognormal,,,0.700000 | 0.300000,,,,,,,,,,,,
D.50.12.023h,0,Peak Floor Acceleration,g,0,0,lognormal,2.4,0.4,,,,,,,,,,,,,
D.50.12.023i,1,Peak Floor Acceleration,g,0,0,lognormal,,,0.350000 | 0.150000 | 0.500000,,,,,,,,,,,,
D.50.12.023j,1,Peak Floor Acceleration,g,0,0,lognormal,,,0.700000 | 0.300000,,,,,,,,,,,,
D.50.12.023k,0,Peak Floor Acceleration,g,0,0,lognormal,2.4,0.4,,,,,,,,,,,,,
D.50.12.023l,1,Peak Floor Acceleration,g,0,0,lognormal,,,0.350000 | 0.150000 | 0.500000,,,,,,,,,,,,
D.50.12.031a,0,Peak Floor Acceleration,g,0,0,lognormal,2.16,0.45,,,,,,,,,,,,,
D.50.12.031b,0,Peak Floor Acceleration,g,0,0,lognormal,2.16,0.45,,,,,,,,,,,,,
D.50.12.031c,0,Peak Floor Acceleration,g,0,0,lognormal,2.16,0.45,,,,,,,,,,,,,
D.50.12.031d,0,Peak Floor Acceleration,g,0,0,lognormal,2.16,0.45,,,,,,,,,,,,,
D.50.12.033a,1,Peak Floor Acceleration,g,0,0,lognormal,,,0.700000 | 0.300000,,,,,,,,,,,,
D.50.12.033b,0,Peak Floor Acceleration,g,0,0,lognormal,3.05,0.4,,,,,,,,,,,,,
D.50.12.033c,1,Peak Floor Acceleration,g,0,0,lognormal,,,0.350000 | 0.150000 | 0.500000,,,,,,,,,,,,
D.50.12.033d,1,Peak Floor Acceleration,g,0,0,lognormal,,,0.700000 | 0.300000,,,,,,,,,,,,
D.50.12.033e,0,Peak Floor Acceleration,g,0,0,lognormal,3.05,0.4,,,,,,,,,,,,,
D.50.12.033f,1,Peak Floor Acceleration,g,0,0,lognormal,,,0.350000 | 0.150000 | 0.500000,,,,,,,,,,,,
D.50.12.033g,1,Peak Floor Acceleration,g,0,0,lognormal,,,0.700000 | 0.300000,,,,,,,,,,,,
D.50.12.033h,0,Peak Floor Acceleration,g,0,0,lognormal,3.05,0.4,,,,,,,,,,,,,
D.50.12.033i,1,Peak Floor Acceleration,g,0,0,lognormal,,,0.350000 | 0.150000 | 0.500000,,,,,,,,,,,,
D.50.12.033j,1,Peak Floor Acceleration,g,0,0,lognormal,,,0.700000 | 0.300000,,,,,,,,,,,,
D.50.12.033k,0,Peak Floor Acceleration,g,0,0,lognormal,3.05,0.4,,,,,,,,,,,,,
D.50.12.033l,1,Peak Floor Acceleration,g,0,0,lognormal,,,0.350000 | 0.150000 | 0.500000,,,,,,,,,,,,
D.50.92.011a,0,Peak Floor Acceleration,g,0,0,lognormal,1.11,0.6,0.450000 | 0.000000 | 0.450000 | 0.000000 | 0.050000 | 0.000000 | 0.050000,,,,,,,,,,,,
D.50.92.013a,1,Peak Floor Acceleration,g,0,0,lognormal,,,0.700000 | 0.300000,,,,,,,,,,,,
D.50.92.013b,0,Peak Floor Acceleration,g,0,0,lognormal,2.32,0.2,0.450000 | 0.000000 | 0.450000 | 0.000000 | 0.050000 | 0.000000 | 0.050000,,,,,,,,,,,,
D.50.92.013c,1,Peak Floor Acceleration,g,0,0,lognormal,,,0.350000 | 0.150000 | 0.150000 | 0.250000 | 0.100000,,,,,,,,,,,,
D.50.92.021a,0,Peak Floor Acceleration,g,0,0,lognormal,1.07,0.4,0.500000 | 0.500000,,,,,,,,,,,,
D.50.92.023a,1,Peak Floor Acceleration,g,0,0,lognormal,,,0.700000 | 0.300000,,,,,,,,,,,,
D.50.92.023b,0,Peak Floor Acceleration,g,0,0,lognormal,2.7,0.6,0.500000 | 0.500000,,,,,,,,,,,,
D.50.92.023c,1,Peak Floor Acceleration,g,0,0,lognormal,,,0.350000 | 0.150000 | 0.250000 | 0.250000,,,,,,,,,,,,
D.50.92.031a,0,Peak Floor Acceleration,g,0,0,lognormal,0.9,0.4,0.700000 | 0.100000 | 0.100000 | 0.100000,,,,,,,,,,,,
D.50.92.031b,0,Peak Floor Acceleration,g,0,0,lognormal,0.9,0.4,0.700000 | 0.100000 | 0.100000 | 0.100000,,,,,,,,,,,,
D.50.92.031c,0,Peak Floor Acceleration,g,0,0,lognormal,0.9,0.4,0.700000 | 0.100000 | 0.100000 | 0.100000,,,,,,,,,,,,
D.50.92.031d,0,Peak Floor Acceleration,g,0,0,lognormal,0.9,0.4,0.700000 | 0.100000 | 0.100000 | 0.100000,,,,,,,,,,,,
D.50.92.032a,1,Peak Floor Acceleration,g,0,0,lognormal,,,0.700000 | 0.300000,,,,,,,,,,,,
D.50.92.032b,0,Peak Floor Acceleration,g,0,0,lognormal,1.07,0.4,0.700000 | 0.100000 | 0.100000 | 0.100000,,,,,,,,,,,,
D.50.92.032c,1,Peak Floor Acceleration,g,0,0,lognormal,,,0.350000 | 0.150000 | 0.400000 | 0.050000 | 0.050000,,,,,,,,,,,,
D.50.92.032d,1,Peak Floor Acceleration,g,0,0,lognormal,,,0.700000 | 0.300000,,,,,,,,,,,,
D.50.92.032e,0,Peak Floor Acceleration,g,0,0,lognormal,1.07,0.4,0.700000 | 0.100000 | 0.100000 | 0.100000,,,,,,,,,,,,
D.50.92.032f,1,Peak Floor Acceleration,g,0,0,lognormal,,,0.350000 | 0.150000 | 0.400000 | 0.050000 | 0.050000,,,,,,,,,,,,
D.50.92.032g,1,Peak Floor Acceleration,g,0,0,lognormal,,,0.700000 | 0.300000,,,,,,,,,,,,
D.50.92.032h,0,Peak Floor Acceleration,g,0,0,lognormal,1.07,0.4,0.700000 | 0.100000 | 0.100000 | 0.100000,,,,,,,,,,,,
D.50.92.032i,1,Peak Floor Acceleration,g,0,0,lognormal,,,0.350000 | 0.150000 | 0.400000 | 0.050000 | 0.050000,,,,,,,,,,,,
D.50.92.032j,1,Peak Floor Acceleration,g,0,0,lognormal,,,0.700000 | 0.300000,,,,,,,,,,,,
D.50.92.032k,0,Peak Floor Acceleration,g,0,0,lognormal,1.07,0.4,0.700000 | 0.100000 | 0.100000 | 0.100000,,,,,,,,,,,,
D.50.92.032l,1,Peak Floor Acceleration,g,0,0,lognormal,,,0.350000 | 0.150000 | 0.400000 | 0.050000 | 0.050000,,,,,,,,,,,,
D.50.92.033a,1,Peak Floor Acceleration,g,0,0,lognormal,,,0.700000 | 0.300000,,,,,,,,,,,,
D.50.92.033b,0,Peak Floor Acceleration,g,0,0,lognormal,2.0,0.2,0.700000 | 0.100000 | 0.100000 | 0.100000,,,,,,,,,,,,
D.50.92.033c,1,Peak Floor Acceleration,g,0,0,lognormal,,,0.350000 | 0.150000 | 0.400000 | 0.050000 | 0.050000,,,,,,,,,,,,
D.50.92.033d,1,Peak Floor Acceleration,g,0,0,lognormal,,,0.700000 | 0.300000,,,,,,,,,,,,
D.50.92.033e,0,Peak Floor Acceleration,g,0,0,lognormal,2.0,0.2,0.700000 | 0.100000 | 0.100000 | 0.100000,,,,,,,,,,,,
D.50.92.033f,1,Peak Floor Acceleration,g,0,0,lognormal,,,0.350000 | 0.150000 | 0.400000 | 0.050000 | 0.050000,,,,,,,,,,,,
D.50.92.033g,1,Peak Floor Acceleration,g,0,0,lognormal,,,0.700000 | 0.300000,,,,,,,,,,,,
D.50.92.033h,0,Peak Floor Acceleration,g,0,0,lognormal,2.0,0.2,0.700000 | 0.100000 | 0.100000 | 0.100000,,,,,,,,,,,,
D.50.92.033i,1,Peak Floor Acceleration,g,0,0,lognormal,,,0.350000 | 0.150000 | 0.400000 | 0.050000 | 0.050000,,,,,,,,,,,,
D.50.92.033j,1,Peak Floor Acceleration,g,0,0,lognormal,,,0.700000 | 0.300000,,,,,,,,,,,,
D.50.92.033k,0,Peak Floor Acceleration,g,0,0,lognormal,2.0,0.2,0.700000 | 0.100000 | 0.100000 | 0.100000,,,,,,,,,,,,
D.50.92.033l,1,Peak Floor Acceleration,g,0,0,lognormal,,,0.350000 | 0.150000 | 0.400000 | 0.050000 | 0.050000,,,,,,,,,,,,
E.20.22.001,0,Peak Floor Acceleration,g,0,0,lognormal,1.0,0.4,,,,,,,,,,,,,
E.20.22.010,0,Peak Floor Acceleration,g,0,0,lognormal,0.4,0.6,,,,,,,,,,,,,
E.20.22.011,0,Peak Floor Acceleration,g,0,0,lognormal,1.0,0.5,,,,,,,,,,,,,
E.20.22.012,0,Peak Floor Acceleration,g,0,0,lognormal,0.6,0.6,,,,,,,,,,,,,
E.20.22.013,0,Peak Floor Acceleration,g,0,0,lognormal,0.25,0.5,,,,,,,,,,,,,
E.20.22.020,0,Peak Floor Acceleration,g,0,0,lognormal,0.8,0.45,,,,,,,,,,,,,
E.20.22.021,0,Peak Floor Acceleration,g,0,0,lognormal,2.5,0.5,,,,,,,,,,,,,
E.20.22.022,0,Peak Floor Acceleration,g,0,0,lognormal,1.0,0.5,,,,,,,,,,,,,
E.20.22.023,0,Peak Floor Acceleration,g,0,0,lognormal,0.4,0.5,,,,,,,,,,,,,
E.20.22.102a,0,Peak Floor Velocity,mps,0,0,lognormal,0.724,0.5,,,,,,,,,,,,,
E.20.22.102b,1,Peak Floor Acceleration,g,0,0,lognormal,,,,,,,,,,,,,,,
E.20.22.103a,0,Peak Floor Velocity,mps,0,0,lognormal,0.493,0.5,,,,,,,,,,,,,
E.20.22.103b,1,Peak Floor Acceleration,g,0,0,lognormal,,,,,,,,,,,,,,,
E.20.22.104a,0,Peak Floor Velocity,mps,0,0,lognormal,0.361,0.5,,,,,,,,,,,,,
E.20.22.104b,1,Peak Floor Acceleration,g,0,0,lognormal,,,,,,,,,,,,,,,
E.20.22.105a,0,Peak Floor Velocity,mps,0,0,lognormal,0.29,0.5,,,,,,,,,,,,,
E.20.22.105b,1,Peak Floor Acceleration,g,0,0,lognormal,,,,,,,,,,,,,,,
E.20.22.106a,0,Peak Floor Velocity,mps,0,0,lognormal,0.251,0.5,,,,,,,,,,,,,
E.20.22.106b,1,Peak Floor Acceleration,g,0,0,lognormal,,,,,,,,,,,,,,,
E.20.22.112a,0,Peak Floor Velocity,mps,0,0,lognormal,1.229,0.5,,,,,,,,,,,,,
E.20.22.112b,1,Peak Floor Velocity,mps,0,0,lognormal,,,,,,,,,,,,,,,
E.20.22.114a,0,Peak Floor Velocity,mps,0,0,lognormal,0.498,0.5,,,,,,,,,,,,,
E.20.22.114b,1,Peak Floor Velocity,mps,0,0,lognormal,,,,,,,,,,,,,,,
E.20.22.124a,0,Peak Floor Velocity,mps,0,0,lognormal,0.688,0.5,,,,,,,,,,,,,
E.20.22.124b,1,Peak Floor Acceleration,g,0,0,lognormal,,,,,,,,,,,,,,,
E.20.22.125a,0,Peak Floor Velocity,mps,0,0,lognormal,0.526,0.5,,,,,,,,,,,,,
E.20.22.125b,1,Peak Floor Acceleration,g,0,0,lognormal,,,,,,,,,,,,,,,
F.10.12.001,0,Peak Floor Acceleration,g,0,0,lognormal,0.42,0.4,0.600000 | 0.400000,,,,,,,,,,,,
